Date,week_number,weekday,month,quarter,year,Public_Holiday,PH_name
1/1/2019,1,Tuesday,January,1,2019,Y,New Year's Day
1/2/2019,1,Wednesday,January,1,2019,N,
1/3/2019,1,Thursday,January,1,2019,N,
1/4/2019,1,Friday,January,1,2019,N,
1/5/2019,1,Saturday,January,1,2019,N,
1/6/2019,1,Sunday,January,1,2019,N,
1/7/2019,2,Monday,January,1,2019,N,
1/8/2019,2,Tuesday,January,1,2019,N,
1/9/2019,2,Wednesday,January,1,2019,N,
1/10/2019,2,Thursday,January,1,2019,N,
1/11/2019,2,Friday,January,1,2019,N,
1/12/2019,2,Saturday,January,1,2019,N,
1/13/2019,2,Sunday,January,1,2019,N,
1/14/2019,3,Monday,January,1,2019,N,
1/15/2019,3,Tuesday,January,1,2019,N,
1/16/2019,3,Wednesday,January,1,2019,N,
1/17/2019,3,Thursday,January,1,2019,N,
1/18/2019,3,Friday,January,1,2019,N,
1/19/2019,3,Saturday,January,1,2019,N,
1/20/2019,3,Sunday,January,1,2019,N,
1/21/2019,4,Monday,January,1,2019,N,
1/22/2019,4,Tuesday,January,1,2019,N,
1/23/2019,4,Wednesday,January,1,2019,N,
1/24/2019,4,Thursday,January,1,2019,N,
1/25/2019,4,Friday,January,1,2019,N,
1/26/2019,4,Saturday,January,1,2019,N,
1/27/2019,4,Sunday,January,1,2019,N,
1/28/2019,5,Monday,January,1,2019,N,
1/29/2019,5,Tuesday,January,1,2019,N,
1/30/2019,5,Wednesday,January,1,2019,N,
1/31/2019,5,Thursday,January,1,2019,N,
2/1/2019,5,Friday,February,1,2019,N,
2/2/2019,5,Saturday,February,1,2019,N,
2/3/2019,5,Sunday,February,1,2019,N,
2/4/2019,6,Monday,February,1,2019,N,
2/5/2019,6,Tuesday,February,1,2019,Y,Chinese New Year
2/6/2019,6,Wednesday,February,1,2019,Y,Chinese New Year
2/7/2019,6,Thursday,February,1,2019,N,
2/8/2019,6,Friday,February,1,2019,N,
2/9/2019,6,Saturday,February,1,2019,N,
2/10/2019,6,Sunday,February,1,2019,N,
2/11/2019,7,Monday,February,1,2019,N,
2/12/2019,7,Tuesday,February,1,2019,N,
2/13/2019,7,Wednesday,February,1,2019,N,
2/14/2019,7,Thursday,February,1,2019,N,
2/15/2019,7,Friday,February,1,2019,N,
2/16/2019,7,Saturday,February,1,2019,N,
2/17/2019,7,Sunday,February,1,2019,N,
2/18/2019,8,Monday,February,1,2019,N,
2/19/2019,8,Tuesday,February,1,2019,N,
2/20/2019,8,Wednesday,February,1,2019,N,
2/21/2019,8,Thursday,February,1,2019,N,
2/22/2019,8,Friday,February,1,2019,N,
2/23/2019,8,Saturday,February,1,2019,N,
2/24/2019,8,Sunday,February,1,2019,N,
2/25/2019,9,Monday,February,1,2019,N,
2/26/2019,9,Tuesday,February,1,2019,N,
2/27/2019,9,Wednesday,February,1,2019,N,
2/28/2019,9,Thursday,February,1,2019,N,
3/1/2019,9,Friday,March,1,2019,N,
3/2/2019,9,Saturday,March,1,2019,N,
3/3/2019,9,Sunday,March,1,2019,N,
3/4/2019,10,Monday,March,1,2019,N,
3/5/2019,10,Tuesday,March,1,2019,N,
3/6/2019,10,Wednesday,March,1,2019,N,
3/7/2019,10,Thursday,March,1,2019,N,
3/8/2019,10,Friday,March,1,2019,N,
3/9/2019,10,Saturday,March,1,2019,N,
3/10/2019,10,Sunday,March,1,2019,N,
3/11/2019,11,Monday,March,1,2019,N,
3/12/2019,11,Tuesday,March,1,2019,N,
3/13/2019,11,Wednesday,March,1,2019,N,
3/14/2019,11,Thursday,March,1,2019,N,
3/15/2019,11,Friday,March,1,2019,N,
3/16/2019,11,Saturday,March,1,2019,N,
3/17/2019,11,Sunday,March,1,2019,N,
3/18/2019,12,Monday,March,1,2019,N,
3/19/2019,12,Tuesday,March,1,2019,N,
3/20/2019,12,Wednesday,March,1,2019,N,
3/21/2019,12,Thursday,March,1,2019,N,
3/22/2019,12,Friday,March,1,2019,N,
3/23/2019,12,Saturday,March,1,2019,N,
3/24/2019,12,Sunday,March,1,2019,N,
3/25/2019,13,Monday,March,1,2019,N,
3/26/2019,13,Tuesday,March,1,2019,N,
3/27/2019,13,Wednesday,March,1,2019,N,
3/28/2019,13,Thursday,March,1,2019,N,
3/29/2019,13,Friday,March,1,2019,N,
3/30/2019,13,Saturday,March,1,2019,N,
3/31/2019,13,Sunday,March,1,2019,N,
4/1/2019,14,Monday,April,2,2019,N,
4/2/2019,14,Tuesday,April,2,2019,N,
4/3/2019,14,Wednesday,April,2,2019,N,
4/4/2019,14,Thursday,April,2,2019,N,
4/5/2019,14,Friday,April,2,2019,N,
4/6/2019,14,Saturday,April,2,2019,N,
4/7/2019,14,Sunday,April,2,2019,N,
4/8/2019,15,Monday,April,2,2019,N,
4/9/2019,15,Tuesday,April,2,2019,N,
4/10/2019,15,Wednesday,April,2,2019,N,
4/11/2019,15,Thursday,April,2,2019,N,
4/12/2019,15,Friday,April,2,2019,N,
4/13/2019,15,Saturday,April,2,2019,N,
4/14/2019,15,Sunday,April,2,2019,N,
4/15/2019,16,Monday,April,2,2019,N,
4/16/2019,16,Tuesday,April,2,2019,N,
4/17/2019,16,Wednesday,April,2,2019,N,
4/18/2019,16,Thursday,April,2,2019,N,
4/19/2019,16,Friday,April,2,2019,Y,Good Friday
4/20/2019,16,Saturday,April,2,2019,N,
4/21/2019,16,Sunday,April,2,2019,N,
4/22/2019,17,Monday,April,2,2019,N,
4/23/2019,17,Tuesday,April,2,2019,N,
4/24/2019,17,Wednesday,April,2,2019,N,
4/25/2019,17,Thursday,April,2,2019,N,
4/26/2019,17,Friday,April,2,2019,N,
4/27/2019,17,Saturday,April,2,2019,N,
4/28/2019,17,Sunday,April,2,2019,N,
4/29/2019,18,Monday,April,2,2019,N,
4/30/2019,18,Tuesday,April,2,2019,N,
5/1/2019,18,Wednesday,May,2,2019,Y,Labor Day
5/2/2019,18,Thursday,May,2,2019,N,
5/3/2019,18,Friday,May,2,2019,N,
5/4/2019,18,Saturday,May,2,2019,N,
5/5/2019,18,Sunday,May,2,2019,N,
5/6/2019,19,Monday,May,2,2019,N,
5/7/2019,19,Tuesday,May,2,2019,N,
5/8/2019,19,Wednesday,May,2,2019,N,
5/9/2019,19,Thursday,May,2,2019,N,
5/10/2019,19,Friday,May,2,2019,N,
5/11/2019,19,Saturday,May,2,2019,N,
5/12/2019,19,Sunday,May,2,2019,N,
5/13/2019,20,Monday,May,2,2019,N,
5/14/2019,20,Tuesday,May,2,2019,N,
5/15/2019,20,Wednesday,May,2,2019,N,
5/16/2019,20,Thursday,May,2,2019,N,
5/17/2019,20,Friday,May,2,2019,N,
5/18/2019,20,Saturday,May,2,2019,N,
5/19/2019,20,Sunday,May,2,2019,N,
5/20/2019,21,Monday,May,2,2019,Y,Vesak Day
5/21/2019,21,Tuesday,May,2,2019,N,
5/22/2019,21,Wednesday,May,2,2019,N,
5/23/2019,21,Thursday,May,2,2019,N,
5/24/2019,21,Friday,May,2,2019,N,
5/25/2019,21,Saturday,May,2,2019,N,
5/26/2019,21,Sunday,May,2,2019,N,
5/27/2019,22,Monday,May,2,2019,N,
5/28/2019,22,Tuesday,May,2,2019,N,
5/29/2019,22,Wednesday,May,2,2019,N,
5/30/2019,22,Thursday,May,2,2019,N,
5/31/2019,22,Friday,May,2,2019,N,
6/1/2019,22,Saturday,June,2,2019,N,
6/2/2019,22,Sunday,June,2,2019,N,
6/3/2019,23,Monday,June,2,2019,N,
6/4/2019,23,Tuesday,June,2,2019,N,
6/5/2019,23,Wednesday,June,2,2019,Y,Hari Raya Puasa
6/6/2019,23,Thursday,June,2,2019,N,
6/7/2019,23,Friday,June,2,2019,N,
6/8/2019,23,Saturday,June,2,2019,N,
6/9/2019,23,Sunday,June,2,2019,N,
6/10/2019,24,Monday,June,2,2019,N,
6/11/2019,24,Tuesday,June,2,2019,N,
6/12/2019,24,Wednesday,June,2,2019,N,
6/13/2019,24,Thursday,June,2,2019,N,
6/14/2019,24,Friday,June,2,2019,N,
6/15/2019,24,Saturday,June,2,2019,N,
6/16/2019,24,Sunday,June,2,2019,N,
6/17/2019,25,Monday,June,2,2019,N,
6/18/2019,25,Tuesday,June,2,2019,N,
6/19/2019,25,Wednesday,June,2,2019,N,
6/20/2019,25,Thursday,June,2,2019,N,
6/21/2019,25,Friday,June,2,2019,N,
6/22/2019,25,Saturday,June,2,2019,N,
6/23/2019,25,Sunday,June,2,2019,N,
6/24/2019,26,Monday,June,2,2019,N,
6/25/2019,26,Tuesday,June,2,2019,N,
6/26/2019,26,Wednesday,June,2,2019,N,
6/27/2019,26,Thursday,June,2,2019,N,
6/28/2019,26,Friday,June,2,2019,N,
6/29/2019,26,Saturday,June,2,2019,N,
6/30/2019,26,Sunday,June,2,2019,N,
7/1/2019,27,Monday,July,3,2019,N,
7/2/2019,27,Tuesday,July,3,2019,N,
7/3/2019,27,Wednesday,July,3,2019,N,
7/4/2019,27,Thursday,July,3,2019,N,
7/5/2019,27,Friday,July,3,2019,N,
7/6/2019,27,Saturday,July,3,2019,N,
7/7/2019,27,Sunday,July,3,2019,N,
7/8/2019,28,Monday,July,3,2019,N,
7/9/2019,28,Tuesday,July,3,2019,N,
7/10/2019,28,Wednesday,July,3,2019,N,
7/11/2019,28,Thursday,July,3,2019,N,
7/12/2019,28,Friday,July,3,2019,N,
7/13/2019,28,Saturday,July,3,2019,N,
7/14/2019,28,Sunday,July,3,2019,N,
7/15/2019,29,Monday,July,3,2019,N,
7/16/2019,29,Tuesday,July,3,2019,N,
7/17/2019,29,Wednesday,July,3,2019,N,
7/18/2019,29,Thursday,July,3,2019,N,
7/19/2019,29,Friday,July,3,2019,N,
7/20/2019,29,Saturday,July,3,2019,N,
7/21/2019,29,Sunday,July,3,2019,N,
7/22/2019,30,Monday,July,3,2019,N,
7/23/2019,30,Tuesday,July,3,2019,N,
7/24/2019,30,Wednesday,July,3,2019,N,
7/25/2019,30,Thursday,July,3,2019,N,
7/26/2019,30,Friday,July,3,2019,N,
7/27/2019,30,Saturday,July,3,2019,N,
7/28/2019,30,Sunday,July,3,2019,N,
7/29/2019,31,Monday,July,3,2019,N,
7/30/2019,31,Tuesday,July,3,2019,N,
7/31/2019,31,Wednesday,July,3,2019,N,
8/1/2019,31,Thursday,August,3,2019,N,
8/2/2019,31,Friday,August,3,2019,N,
8/3/2019,31,Saturday,August,3,2019,N,
8/4/2019,31,Sunday,August,3,2019,N,
8/5/2019,32,Monday,August,3,2019,N,
8/6/2019,32,Tuesday,August,3,2019,N,
8/7/2019,32,Wednesday,August,3,2019,N,
8/8/2019,32,Thursday,August,3,2019,N,
8/9/2019,32,Friday,August,3,2019,Y,National Day
8/10/2019,32,Saturday,August,3,2019,N,
8/11/2019,32,Sunday,August,3,2019,N,
8/12/2019,33,Monday,August,3,2019,Y,Hari Raya Haji
8/13/2019,33,Tuesday,August,3,2019,N,
8/14/2019,33,Wednesday,August,3,2019,N,
8/15/2019,33,Thursday,August,3,2019,N,
8/16/2019,33,Friday,August,3,2019,N,
8/17/2019,33,Saturday,August,3,2019,N,
8/18/2019,33,Sunday,August,3,2019,N,
8/19/2019,34,Monday,August,3,2019,N,
8/20/2019,34,Tuesday,August,3,2019,N,
8/21/2019,34,Wednesday,August,3,2019,N,
8/22/2019,34,Thursday,August,3,2019,N,
8/23/2019,34,Friday,August,3,2019,N,
8/24/2019,34,Saturday,August,3,2019,N,
8/25/2019,34,Sunday,August,3,2019,N,
8/26/2019,35,Monday,August,3,2019,N,
8/27/2019,35,Tuesday,August,3,2019,N,
8/28/2019,35,Wednesday,August,3,2019,N,
8/29/2019,35,Thursday,August,3,2019,N,
8/30/2019,35,Friday,August,3,2019,N,
8/31/2019,35,Saturday,August,3,2019,N,
9/1/2019,35,Sunday,September,3,2019,N,
9/2/2019,36,Monday,September,3,2019,N,
9/3/2019,36,Tuesday,September,3,2019,N,
9/4/2019,36,Wednesday,September,3,2019,N,
9/5/2019,36,Thursday,September,3,2019,N,
9/6/2019,36,Friday,September,3,2019,N,
9/7/2019,36,Saturday,September,3,2019,N,
9/8/2019,36,Sunday,September,3,2019,N,
9/9/2019,37,Monday,September,3,2019,N,
9/10/2019,37,Tuesday,September,3,2019,N,
9/11/2019,37,Wednesday,September,3,2019,N,
9/12/2019,37,Thursday,September,3,2019,N,
9/13/2019,37,Friday,September,3,2019,N,
9/14/2019,37,Saturday,September,3,2019,N,
9/15/2019,37,Sunday,September,3,2019,N,
9/16/2019,38,Monday,September,3,2019,N,
9/17/2019,38,Tuesday,September,3,2019,N,
9/18/2019,38,Wednesday,September,3,2019,N,
9/19/2019,38,Thursday,September,3,2019,N,
9/20/2019,38,Friday,September,3,2019,N,
9/21/2019,38,Saturday,September,3,2019,N,
9/22/2019,38,Sunday,September,3,2019,N,
9/23/2019,39,Monday,September,3,2019,N,
9/24/2019,39,Tuesday,September,3,2019,N,
9/25/2019,39,Wednesday,September,3,2019,N,
9/26/2019,39,Thursday,September,3,2019,N,
9/27/2019,39,Friday,September,3,2019,N,
9/28/2019,39,Saturday,September,3,2019,N,
9/29/2019,39,Sunday,September,3,2019,N,
9/30/2019,40,Monday,September,3,2019,N,
10/1/2019,40,Tuesday,October,4,2019,N,
10/2/2019,40,Wednesday,October,4,2019,N,
10/3/2019,40,Thursday,October,4,2019,N,
10/4/2019,40,Friday,October,4,2019,N,
10/5/2019,40,Saturday,October,4,2019,N,
10/6/2019,40,Sunday,October,4,2019,N,
10/7/2019,41,Monday,October,4,2019,N,
10/8/2019,41,Tuesday,October,4,2019,N,
10/9/2019,41,Wednesday,October,4,2019,N,
10/10/2019,41,Thursday,October,4,2019,N,
10/11/2019,41,Friday,October,4,2019,N,
10/12/2019,41,Saturday,October,4,2019,N,
10/13/2019,41,Sunday,October,4,2019,N,
10/14/2019,42,Monday,October,4,2019,N,
10/15/2019,42,Tuesday,October,4,2019,N,
10/16/2019,42,Wednesday,October,4,2019,N,
10/17/2019,42,Thursday,October,4,2019,N,
10/18/2019,42,Friday,October,4,2019,N,
10/19/2019,42,Saturday,October,4,2019,N,
10/20/2019,42,Sunday,October,4,2019,N,
10/21/2019,43,Monday,October,4,2019,N,
10/22/2019,43,Tuesday,October,4,2019,N,
10/23/2019,43,Wednesday,October,4,2019,N,
10/24/2019,43,Thursday,October,4,2019,N,
10/25/2019,43,Friday,October,4,2019,N,
10/26/2019,43,Saturday,October,4,2019,N,
10/27/2019,43,Sunday,October,4,2019,N,
10/28/2019,44,Monday,October,4,2019,Y,Deepavali
10/29/2019,44,Tuesday,October,4,2019,N,
10/30/2019,44,Wednesday,October,4,2019,N,
10/31/2019,44,Thursday,October,4,2019,N,
11/1/2019,44,Friday,November,4,2019,N,
11/2/2019,44,Saturday,November,4,2019,N,
11/3/2019,44,Sunday,November,4,2019,N,
11/4/2019,45,Monday,November,4,2019,N,
11/5/2019,45,Tuesday,November,4,2019,N,
11/6/2019,45,Wednesday,November,4,2019,N,
11/7/2019,45,Thursday,November,4,2019,N,
11/8/2019,45,Friday,November,4,2019,N,
11/9/2019,45,Saturday,November,4,2019,N,
11/10/2019,45,Sunday,November,4,2019,N,
11/11/2019,46,Monday,November,4,2019,N,
11/12/2019,46,Tuesday,November,4,2019,N,
11/13/2019,46,Wednesday,November,4,2019,N,
11/14/2019,46,Thursday,November,4,2019,N,
11/15/2019,46,Friday,November,4,2019,N,
11/16/2019,46,Saturday,November,4,2019,N,
11/17/2019,46,Sunday,November,4,2019,N,
11/18/2019,47,Monday,November,4,2019,N,
11/19/2019,47,Tuesday,November,4,2019,N,
11/20/2019,47,Wednesday,November,4,2019,N,
11/21/2019,47,Thursday,November,4,2019,N,
11/22/2019,47,Friday,November,4,2019,N,
11/23/2019,47,Saturday,November,4,2019,N,
11/24/2019,47,Sunday,November,4,2019,N,
11/25/2019,48,Monday,November,4,2019,N,
11/26/2019,48,Tuesday,November,4,2019,N,
11/27/2019,48,Wednesday,November,4,2019,N,
11/28/2019,48,Thursday,November,4,2019,N,
11/29/2019,48,Friday,November,4,2019,N,
11/30/2019,48,Saturday,November,4,2019,N,
12/1/2019,48,Sunday,December,4,2019,N,
12/2/2019,49,Monday,December,4,2019,N,
12/3/2019,49,Tuesday,December,4,2019,N,
12/4/2019,49,Wednesday,December,4,2019,N,
12/5/2019,49,Thursday,December,4,2019,N,
12/6/2019,49,Friday,December,4,2019,N,
12/7/2019,49,Saturday,December,4,2019,N,
12/8/2019,49,Sunday,December,4,2019,N,
12/9/2019,50,Monday,December,4,2019,N,
12/10/2019,50,Tuesday,December,4,2019,N,
12/11/2019,50,Wednesday,December,4,2019,N,
12/12/2019,50,Thursday,December,4,2019,N,
12/13/2019,50,Friday,December,4,2019,N,
12/14/2019,50,Saturday,December,4,2019,N,
12/15/2019,50,Sunday,December,4,2019,N,
12/16/2019,51,Monday,December,4,2019,N,
12/17/2019,51,Tuesday,December,4,2019,N,
12/18/2019,51,Wednesday,December,4,2019,N,
12/19/2019,51,Thursday,December,4,2019,N,
12/20/2019,51,Friday,December,4,2019,N,
12/21/2019,51,Saturday,December,4,2019,N,
12/22/2019,51,Sunday,December,4,2019,N,
12/23/2019,52,Monday,December,4,2019,N,
12/24/2019,52,Tuesday,December,4,2019,N,
12/25/2019,52,Wednesday,December,4,2019,Y,Christmas Day
12/26/2019,52,Thursday,December,4,2019,N,
12/27/2019,52,Friday,December,4,2019,N,
12/28/2019,52,Saturday,December,4,2019,N,
12/29/2019,52,Sunday,December,4,2019,N,
12/30/2019,1,Monday,December,4,2019,N,
12/31/2019,1,Tuesday,December,4,2019,N,
1/1/2020,1,Wednesday,January,1,2020,Y,New Year's Day
1/2/2020,1,Thursday,January,1,2020,N,
1/3/2020,1,Friday,January,1,2020,N,
1/4/2020,1,Saturday,January,1,2020,N,
1/5/2020,1,Sunday,January,1,2020,N,
1/6/2020,2,Monday,January,1,2020,N,
1/7/2020,2,Tuesday,January,1,2020,N,
1/8/2020,2,Wednesday,January,1,2020,N,
1/9/2020,2,Thursday,January,1,2020,N,
1/10/2020,2,Friday,January,1,2020,N,
1/11/2020,2,Saturday,January,1,2020,N,
1/12/2020,2,Sunday,January,1,2020,N,
1/13/2020,3,Monday,January,1,2020,N,
1/14/2020,3,Tuesday,January,1,2020,N,
1/15/2020,3,Wednesday,January,1,2020,N,
1/16/2020,3,Thursday,January,1,2020,N,
1/17/2020,3,Friday,January,1,2020,N,
1/18/2020,3,Saturday,January,1,2020,N,
1/19/2020,3,Sunday,January,1,2020,N,
1/20/2020,4,Monday,January,1,2020,N,
1/21/2020,4,Tuesday,January,1,2020,N,
1/22/2020,4,Wednesday,January,1,2020,N,
1/23/2020,4,Thursday,January,1,2020,N,
1/24/2020,4,Friday,January,1,2020,N,
1/25/2020,4,Saturday,January,1,2020,Y,Chinese New Year
1/26/2020,4,Sunday,January,1,2020,Y,Chinese New Year
1/27/2020,5,Monday,January,1,2020,Y,Chinese New Year
1/28/2020,5,Tuesday,January,1,2020,N,
1/29/2020,5,Wednesday,January,1,2020,N,
1/30/2020,5,Thursday,January,1,2020,N,
1/31/2020,5,Friday,January,1,2020,N,
2/1/2020,5,Saturday,February,1,2020,N,
2/2/2020,5,Sunday,February,1,2020,N,
2/3/2020,6,Monday,February,1,2020,N,
2/4/2020,6,Tuesday,February,1,2020,N,
2/5/2020,6,Wednesday,February,1,2020,N,
2/6/2020,6,Thursday,February,1,2020,N,
2/7/2020,6,Friday,February,1,2020,N,
2/8/2020,6,Saturday,February,1,2020,N,
2/9/2020,6,Sunday,February,1,2020,N,
2/10/2020,7,Monday,February,1,2020,N,
2/11/2020,7,Tuesday,February,1,2020,N,
2/12/2020,7,Wednesday,February,1,2020,N,
2/13/2020,7,Thursday,February,1,2020,N,
2/14/2020,7,Friday,February,1,2020,N,
2/15/2020,7,Saturday,February,1,2020,N,
2/16/2020,7,Sunday,February,1,2020,N,
2/17/2020,8,Monday,February,1,2020,N,
2/18/2020,8,Tuesday,February,1,2020,N,
2/19/2020,8,Wednesday,February,1,2020,N,
2/20/2020,8,Thursday,February,1,2020,N,
2/21/2020,8,Friday,February,1,2020,N,
2/22/2020,8,Saturday,February,1,2020,N,
2/23/2020,8,Sunday,February,1,2020,N,
2/24/2020,9,Monday,February,1,2020,N,
2/25/2020,9,Tuesday,February,1,2020,N,
2/26/2020,9,Wednesday,February,1,2020,N,
2/27/2020,9,Thursday,February,1,2020,N,
2/28/2020,9,Friday,February,1,2020,N,
2/29/2020,9,Saturday,February,1,2020,N,
3/1/2020,9,Sunday,March,1,2020,N,
3/2/2020,10,Monday,March,1,2020,N,
3/3/2020,10,Tuesday,March,1,2020,N,
3/4/2020,10,Wednesday,March,1,2020,N,
3/5/2020,10,Thursday,March,1,2020,N,
3/6/2020,10,Friday,March,1,2020,N,
3/7/2020,10,Saturday,March,1,2020,N,
3/8/2020,10,Sunday,March,1,2020,N,
3/9/2020,11,Monday,March,1,2020,N,
3/10/2020,11,Tuesday,March,1,2020,N,
3/11/2020,11,Wednesday,March,1,2020,N,
3/12/2020,11,Thursday,March,1,2020,N,
3/13/2020,11,Friday,March,1,2020,N,
3/14/2020,11,Saturday,March,1,2020,N,
3/15/2020,11,Sunday,March,1,2020,N,
3/16/2020,12,Monday,March,1,2020,N,
3/17/2020,12,Tuesday,March,1,2020,N,
3/18/2020,12,Wednesday,March,1,2020,N,
3/19/2020,12,Thursday,March,1,2020,N,
3/20/2020,12,Friday,March,1,2020,N,
3/21/2020,12,Saturday,March,1,2020,N,
3/22/2020,12,Sunday,March,1,2020,N,
3/23/2020,13,Monday,March,1,2020,N,
3/24/2020,13,Tuesday,March,1,2020,N,
3/25/2020,13,Wednesday,March,1,2020,N,
3/26/2020,13,Thursday,March,1,2020,N,
3/27/2020,13,Friday,March,1,2020,N,
3/28/2020,13,Saturday,March,1,2020,N,
3/29/2020,13,Sunday,March,1,2020,N,
3/30/2020,14,Monday,March,1,2020,N,
3/31/2020,14,Tuesday,March,1,2020,N,
4/1/2020,14,Wednesday,April,2,2020,N,
4/2/2020,14,Thursday,April,2,2020,N,
4/3/2020,14,Friday,April,2,2020,N,
4/4/2020,14,Saturday,April,2,2020,N,
4/5/2020,14,Sunday,April,2,2020,N,
4/6/2020,15,Monday,April,2,2020,N,
4/7/2020,15,Tuesday,April,2,2020,N,
4/8/2020,15,Wednesday,April,2,2020,N,
4/9/2020,15,Thursday,April,2,2020,N,
4/10/2020,15,Friday,April,2,2020,Y,Good Friday
4/11/2020,15,Saturday,April,2,2020,N,
4/12/2020,15,Sunday,April,2,2020,N,
4/13/2020,16,Monday,April,2,2020,N,
4/14/2020,16,Tuesday,April,2,2020,N,
4/15/2020,16,Wednesday,April,2,2020,N,
4/16/2020,16,Thursday,April,2,2020,N,
4/17/2020,16,Friday,April,2,2020,N,
4/18/2020,16,Saturday,April,2,2020,N,
4/19/2020,16,Sunday,April,2,2020,N,
4/20/2020,17,Monday,April,2,2020,N,
4/21/2020,17,Tuesday,April,2,2020,N,
4/22/2020,17,Wednesday,April,2,2020,N,
4/23/2020,17,Thursday,April,2,2020,N,
4/24/2020,17,Friday,April,2,2020,N,
4/25/2020,17,Saturday,April,2,2020,N,
4/26/2020,17,Sunday,April,2,2020,N,
4/27/2020,18,Monday,April,2,2020,N,
4/28/2020,18,Tuesday,April,2,2020,N,
4/29/2020,18,Wednesday,April,2,2020,N,
4/30/2020,18,Thursday,April,2,2020,N,
5/1/2020,18,Friday,May,2,2020,Y,Labor Day
5/2/2020,18,Saturday,May,2,2020,N,
5/3/2020,18,Sunday,May,2,2020,N,
5/4/2020,19,Monday,May,2,2020,N,
5/5/2020,19,Tuesday,May,2,2020,N,
5/6/2020,19,Wednesday,May,2,2020,N,
5/7/2020,19,Thursday,May,2,2020,Y,Vesak Day
5/8/2020,19,Friday,May,2,2020,N,
5/9/2020,19,Saturday,May,2,2020,N,
5/10/2020,19,Sunday,May,2,2020,N,
5/11/2020,20,Monday,May,2,2020,N,
5/12/2020,20,Tuesday,May,2,2020,N,
5/13/2020,20,Wednesday,May,2,2020,N,
5/14/2020,20,Thursday,May,2,2020,N,
5/15/2020,20,Friday,May,2,2020,N,
5/16/2020,20,Saturday,May,2,2020,N,
5/17/2020,20,Sunday,May,2,2020,N,
5/18/2020,21,Monday,May,2,2020,N,
5/19/2020,21,Tuesday,May,2,2020,N,
5/20/2020,21,Wednesday,May,2,2020,N,
5/21/2020,21,Thursday,May,2,2020,N,
5/22/2020,21,Friday,May,2,2020,N,
5/23/2020,21,Saturday,May,2,2020,N,
5/24/2020,21,Sunday,May,2,2020,Y,Hari Raya Puasa
5/25/2020,22,Monday,May,2,2020,Y,Hari Raya Puasa
5/26/2020,22,Tuesday,May,2,2020,N,
5/27/2020,22,Wednesday,May,2,2020,N,
5/28/2020,22,Thursday,May,2,2020,N,
5/29/2020,22,Friday,May,2,2020,N,
5/30/2020,22,Saturday,May,2,2020,N,
5/31/2020,22,Sunday,May,2,2020,N,
6/1/2020,23,Monday,June,2,2020,N,
6/2/2020,23,Tuesday,June,2,2020,N,
6/3/2020,23,Wednesday,June,2,2020,N,
6/4/2020,23,Thursday,June,2,2020,N,
6/5/2020,23,Friday,June,2,2020,N,
6/6/2020,23,Saturday,June,2,2020,N,
6/7/2020,23,Sunday,June,2,2020,N,
6/8/2020,24,Monday,June,2,2020,N,
6/9/2020,24,Tuesday,June,2,2020,N,
6/10/2020,24,Wednesday,June,2,2020,N,
6/11/2020,24,Thursday,June,2,2020,N,
6/12/2020,24,Friday,June,2,2020,N,
6/13/2020,24,Saturday,June,2,2020,N,
6/14/2020,24,Sunday,June,2,2020,N,
6/15/2020,25,Monday,June,2,2020,N,
6/16/2020,25,Tuesday,June,2,2020,N,
6/17/2020,25,Wednesday,June,2,2020,N,
6/18/2020,25,Thursday,June,2,2020,N,
6/19/2020,25,Friday,June,2,2020,N,
6/20/2020,25,Saturday,June,2,2020,N,
6/21/2020,25,Sunday,June,2,2020,N,
6/22/2020,26,Monday,June,2,2020,N,
6/23/2020,26,Tuesday,June,2,2020,N,
6/24/2020,26,Wednesday,June,2,2020,N,
6/25/2020,26,Thursday,June,2,2020,N,
6/26/2020,26,Friday,June,2,2020,N,
6/27/2020,26,Saturday,June,2,2020,N,
6/28/2020,26,Sunday,June,2,2020,N,
6/29/2020,27,Monday,June,2,2020,N,
6/30/2020,27,Tuesday,June,2,2020,N,
7/1/2020,27,Wednesday,July,3,2020,N,
7/2/2020,27,Thursday,July,3,2020,N,
7/3/2020,27,Friday,July,3,2020,N,
7/4/2020,27,Saturday,July,3,2020,N,
7/5/2020,27,Sunday,July,3,2020,N,
7/6/2020,28,Monday,July,3,2020,N,
7/7/2020,28,Tuesday,July,3,2020,N,
7/8/2020,28,Wednesday,July,3,2020,N,
7/9/2020,28,Thursday,July,3,2020,N,
7/10/2020,28,Friday,July,3,2020,Y,Hari Raya Haji
7/11/2020,28,Saturday,July,3,2020,N,
7/12/2020,28,Sunday,July,3,2020,N,
7/13/2020,29,Monday,July,3,2020,N,
7/14/2020,29,Tuesday,July,3,2020,N,
7/15/2020,29,Wednesday,July,3,2020,N,
7/16/2020,29,Thursday,July,3,2020,N,
7/17/2020,29,Friday,July,3,2020,N,
7/18/2020,29,Saturday,July,3,2020,N,
7/19/2020,29,Sunday,July,3,2020,N,
7/20/2020,30,Monday,July,3,2020,N,
7/21/2020,30,Tuesday,July,3,2020,N,
7/22/2020,30,Wednesday,July,3,2020,N,
7/23/2020,30,Thursday,July,3,2020,N,
7/24/2020,30,Friday,July,3,2020,N,
7/25/2020,30,Saturday,July,3,2020,N,
7/26/2020,30,Sunday,July,3,2020,N,
7/27/2020,31,Monday,July,3,2020,N,
7/28/2020,31,Tuesday,July,3,2020,N,
7/29/2020,31,Wednesday,July,3,2020,N,
7/30/2020,31,Thursday,July,3,2020,N,
7/31/2020,31,Friday,July,3,2020,Y,National Day
8/1/2020,31,Saturday,August,3,2020,N,
8/2/2020,31,Sunday,August,3,2020,N,
8/3/2020,32,Monday,August,3,2020,N,
8/4/2020,32,Tuesday,August,3,2020,N,
8/5/2020,32,Wednesday,August,3,2020,N,
8/6/2020,32,Thursday,August,3,2020,N,
8/7/2020,32,Friday,August,3,2020,N,
8/8/2020,32,Saturday,August,3,2020,N,
8/9/2020,32,Sunday,August,3,2020,Y,
8/10/2020,33,Monday,August,3,2020,Y,
8/11/2020,33,Tuesday,August,3,2020,N,
8/12/2020,33,Wednesday,August,3,2020,N,
8/13/2020,33,Thursday,August,3,2020,N,
8/14/2020,33,Friday,August,3,2020,N,
8/15/2020,33,Saturday,August,3,2020,N,
8/16/2020,33,Sunday,August,3,2020,N,
8/17/2020,34,Monday,August,3,2020,N,
8/18/2020,34,Tuesday,August,3,2020,N,
8/19/2020,34,Wednesday,August,3,2020,N,
8/20/2020,34,Thursday,August,3,2020,N,
8/21/2020,34,Friday,August,3,2020,N,
8/22/2020,34,Saturday,August,3,2020,N,
8/23/2020,34,Sunday,August,3,2020,N,
8/24/2020,35,Monday,August,3,2020,N,
8/25/2020,35,Tuesday,August,3,2020,N,
8/26/2020,35,Wednesday,August,3,2020,N,
8/27/2020,35,Thursday,August,3,2020,N,
8/28/2020,35,Friday,August,3,2020,N,
8/29/2020,35,Saturday,August,3,2020,N,
8/30/2020,35,Sunday,August,3,2020,N,
8/31/2020,36,Monday,August,3,2020,N,
9/1/2020,36,Tuesday,September,3,2020,N,
9/2/2020,36,Wednesday,September,3,2020,N,
9/3/2020,36,Thursday,September,3,2020,N,
9/4/2020,36,Friday,September,3,2020,N,
9/5/2020,36,Saturday,September,3,2020,N,
9/6/2020,36,Sunday,September,3,2020,N,
9/7/2020,37,Monday,September,3,2020,N,
9/8/2020,37,Tuesday,September,3,2020,N,
9/9/2020,37,Wednesday,September,3,2020,N,
9/10/2020,37,Thursday,September,3,2020,N,
9/11/2020,37,Friday,September,3,2020,N,
9/12/2020,37,Saturday,September,3,2020,N,
9/13/2020,37,Sunday,September,3,2020,N,
9/14/2020,38,Monday,September,3,2020,N,
9/15/2020,38,Tuesday,September,3,2020,N,
9/16/2020,38,Wednesday,September,3,2020,N,
9/17/2020,38,Thursday,September,3,2020,N,
9/18/2020,38,Friday,September,3,2020,N,
9/19/2020,38,Saturday,September,3,2020,N,
9/20/2020,38,Sunday,September,3,2020,N,
9/21/2020,39,Monday,September,3,2020,N,
9/22/2020,39,Tuesday,September,3,2020,N,
9/23/2020,39,Wednesday,September,3,2020,N,
9/24/2020,39,Thursday,September,3,2020,N,
9/25/2020,39,Friday,September,3,2020,N,
9/26/2020,39,Saturday,September,3,2020,N,
9/27/2020,39,Sunday,September,3,2020,N,
9/28/2020,40,Monday,September,3,2020,N,
9/29/2020,40,Tuesday,September,3,2020,N,
9/30/2020,40,Wednesday,September,3,2020,N,
10/1/2020,40,Thursday,October,4,2020,N,
10/2/2020,40,Friday,October,4,2020,N,
10/3/2020,40,Saturday,October,4,2020,N,
10/4/2020,40,Sunday,October,4,2020,N,
10/5/2020,41,Monday,October,4,2020,N,
10/6/2020,41,Tuesday,October,4,2020,N,
10/7/2020,41,Wednesday,October,4,2020,N,
10/8/2020,41,Thursday,October,4,2020,N,
10/9/2020,41,Friday,October,4,2020,N,
10/10/2020,41,Saturday,October,4,2020,N,
10/11/2020,41,Sunday,October,4,2020,N,
10/12/2020,42,Monday,October,4,2020,N,
10/13/2020,42,Tuesday,October,4,2020,N,
10/14/2020,42,Wednesday,October,4,2020,N,
10/15/2020,42,Thursday,October,4,2020,N,
10/16/2020,42,Friday,October,4,2020,N,
10/17/2020,42,Saturday,October,4,2020,N,
10/18/2020,42,Sunday,October,4,2020,N,
10/19/2020,43,Monday,October,4,2020,N,
10/20/2020,43,Tuesday,October,4,2020,N,
10/21/2020,43,Wednesday,October,4,2020,N,
10/22/2020,43,Thursday,October,4,2020,N,
10/23/2020,43,Friday,October,4,2020,N,
10/24/2020,43,Saturday,October,4,2020,N,
10/25/2020,43,Sunday,October,4,2020,N,
10/26/2020,44,Monday,October,4,2020,N,
10/27/2020,44,Tuesday,October,4,2020,N,
10/28/2020,44,Wednesday,October,4,2020,N,
10/29/2020,44,Thursday,October,4,2020,N,
10/30/2020,44,Friday,October,4,2020,N,
10/31/2020,44,Saturday,October,4,2020,N,
11/1/2020,44,Sunday,November,4,2020,N,
11/2/2020,45,Monday,November,4,2020,N,
11/3/2020,45,Tuesday,November,4,2020,N,
11/4/2020,45,Wednesday,November,4,2020,N,
11/5/2020,45,Thursday,November,4,2020,N,
11/6/2020,45,Friday,November,4,2020,N,
11/7/2020,45,Saturday,November,4,2020,N,
11/8/2020,45,Sunday,November,4,2020,N,
11/9/2020,46,Monday,November,4,2020,N,
11/10/2020,46,Tuesday,November,4,2020,N,
11/11/2020,46,Wednesday,November,4,2020,N,
11/12/2020,46,Thursday,November,4,2020,N,
11/13/2020,46,Friday,November,4,2020,N,
11/14/2020,46,Saturday,November,4,2020,Y,Deepavali
11/15/2020,46,Sunday,November,4,2020,N,
11/16/2020,47,Monday,November,4,2020,N,
11/17/2020,47,Tuesday,November,4,2020,N,
11/18/2020,47,Wednesday,November,4,2020,N,
11/19/2020,47,Thursday,November,4,2020,N,
11/20/2020,47,Friday,November,4,2020,N,
11/21/2020,47,Saturday,November,4,2020,N,
11/22/2020,47,Sunday,November,4,2020,N,
11/23/2020,48,Monday,November,4,2020,N,
11/24/2020,48,Tuesday,November,4,2020,N,
11/25/2020,48,Wednesday,November,4,2020,N,
11/26/2020,48,Thursday,November,4,2020,N,
11/27/2020,48,Friday,November,4,2020,N,
11/28/2020,48,Saturday,November,4,2020,N,
11/29/2020,48,Sunday,November,4,2020,N,
11/30/2020,49,Monday,November,4,2020,N,
12/1/2020,49,Tuesday,December,4,2020,N,
12/2/2020,49,Wednesday,December,4,2020,N,
12/3/2020,49,Thursday,December,4,2020,N,
12/4/2020,49,Friday,December,4,2020,N,
12/5/2020,49,Saturday,December,4,2020,N,
12/6/2020,49,Sunday,December,4,2020,N,
12/7/2020,50,Monday,December,4,2020,N,
12/8/2020,50,Tuesday,December,4,2020,N,
12/9/2020,50,Wednesday,December,4,2020,N,
12/10/2020,50,Thursday,December,4,2020,N,
12/11/2020,50,Friday,December,4,2020,N,
12/12/2020,50,Saturday,December,4,2020,N,
12/13/2020,50,Sunday,December,4,2020,N,
12/14/2020,51,Monday,December,4,2020,N,
12/15/2020,51,Tuesday,December,4,2020,N,
12/16/2020,51,Wednesday,December,4,2020,N,
12/17/2020,51,Thursday,December,4,2020,N,
12/18/2020,51,Friday,December,4,2020,N,
12/19/2020,51,Saturday,December,4,2020,N,
12/20/2020,51,Sunday,December,4,2020,N,
12/21/2020,52,Monday,December,4,2020,N,
12/22/2020,52,Tuesday,December,4,2020,N,
12/23/2020,52,Wednesday,December,4,2020,N,
12/24/2020,52,Thursday,December,4,2020,N,
12/25/2020,52,Friday,December,4,2020,Y,Christmas Day
12/26/2020,52,Saturday,December,4,2020,N,
12/27/2020,52,Sunday,December,4,2020,N,
12/28/2020,53,Monday,December,4,2020,N,
12/29/2020,53,Tuesday,December,4,2020,N,
12/30/2020,53,Wednesday,December,4,2020,N,
12/31/2020,53,Thursday,December,4,2020,N,
1/1/2021,53,Friday,January,1,2021,Y,New Year's Day
1/2/2021,53,Saturday,January,1,2021,N,
1/3/2021,53,Sunday,January,1,2021,N,
1/4/2021,1,Monday,January,1,2021,N,
1/5/2021,1,Tuesday,January,1,2021,N,
1/6/2021,1,Wednesday,January,1,2021,N,
1/7/2021,1,Thursday,January,1,2021,N,
1/8/2021,1,Friday,January,1,2021,N,
1/9/2021,1,Saturday,January,1,2021,N,
1/10/2021,1,Sunday,January,1,2021,N,
1/11/2021,2,Monday,January,1,2021,N,
1/12/2021,2,Tuesday,January,1,2021,N,
1/13/2021,2,Wednesday,January,1,2021,N,
1/14/2021,2,Thursday,January,1,2021,N,
1/15/2021,2,Friday,January,1,2021,N,
1/16/2021,2,Saturday,January,1,2021,N,
1/17/2021,2,Sunday,January,1,2021,N,
1/18/2021,3,Monday,January,1,2021,N,
1/19/2021,3,Tuesday,January,1,2021,N,
1/20/2021,3,Wednesday,January,1,2021,N,
1/21/2021,3,Thursday,January,1,2021,N,
1/22/2021,3,Friday,January,1,2021,N,
1/23/2021,3,Saturday,January,1,2021,N,
1/24/2021,3,Sunday,January,1,2021,N,
1/25/2021,4,Monday,January,1,2021,N,
1/26/2021,4,Tuesday,January,1,2021,N,
1/27/2021,4,Wednesday,January,1,2021,N,
1/28/2021,4,Thursday,January,1,2021,N,
1/29/2021,4,Friday,January,1,2021,N,
1/30/2021,4,Saturday,January,1,2021,N,
1/31/2021,4,Sunday,January,1,2021,N,
2/1/2021,5,Monday,February,1,2021,N,
2/2/2021,5,Tuesday,February,1,2021,N,
2/3/2021,5,Wednesday,February,1,2021,N,
2/4/2021,5,Thursday,February,1,2021,N,
2/5/2021,5,Friday,February,1,2021,N,
2/6/2021,5,Saturday,February,1,2021,N,
2/7/2021,5,Sunday,February,1,2021,N,
2/8/2021,6,Monday,February,1,2021,N,
2/9/2021,6,Tuesday,February,1,2021,N,
2/10/2021,6,Wednesday,February,1,2021,N,
2/11/2021,6,Thursday,February,1,2021,N,
2/12/2021,6,Friday,February,1,2021,Y,Chinese New Year
2/13/2021,6,Saturday,February,1,2021,Y,Chinese New Year
2/14/2021,6,Sunday,February,1,2021,N,
2/15/2021,7,Monday,February,1,2021,N,
2/16/2021,7,Tuesday,February,1,2021,N,
2/17/2021,7,Wednesday,February,1,2021,N,
2/18/2021,7,Thursday,February,1,2021,N,
2/19/2021,7,Friday,February,1,2021,N,
2/20/2021,7,Saturday,February,1,2021,N,
2/21/2021,7,Sunday,February,1,2021,N,
2/22/2021,8,Monday,February,1,2021,N,
2/23/2021,8,Tuesday,February,1,2021,N,
2/24/2021,8,Wednesday,February,1,2021,N,
2/25/2021,8,Thursday,February,1,2021,N,
2/26/2021,8,Friday,February,1,2021,N,
2/27/2021,8,Saturday,February,1,2021,N,
2/28/2021,8,Sunday,February,1,2021,N,
3/1/2021,9,Monday,March,1,2021,N,
3/2/2021,9,Tuesday,March,1,2021,N,
3/3/2021,9,Wednesday,March,1,2021,N,
3/4/2021,9,Thursday,March,1,2021,N,
3/5/2021,9,Friday,March,1,2021,N,
3/6/2021,9,Saturday,March,1,2021,N,
3/7/2021,9,Sunday,March,1,2021,N,
3/8/2021,10,Monday,March,1,2021,N,
3/9/2021,10,Tuesday,March,1,2021,N,
3/10/2021,10,Wednesday,March,1,2021,N,
3/11/2021,10,Thursday,March,1,2021,N,
3/12/2021,10,Friday,March,1,2021,N,
3/13/2021,10,Saturday,March,1,2021,N,
3/14/2021,10,Sunday,March,1,2021,N,
3/15/2021,11,Monday,March,1,2021,N,
3/16/2021,11,Tuesday,March,1,2021,N,
3/17/2021,11,Wednesday,March,1,2021,N,
3/18/2021,11,Thursday,March,1,2021,N,
3/19/2021,11,Friday,March,1,2021,N,
3/20/2021,11,Saturday,March,1,2021,N,
3/21/2021,11,Sunday,March,1,2021,N,
3/22/2021,12,Monday,March,1,2021,N,
3/23/2021,12,Tuesday,March,1,2021,N,
3/24/2021,12,Wednesday,March,1,2021,N,
3/25/2021,12,Thursday,March,1,2021,N,
3/26/2021,12,Friday,March,1,2021,N,
3/27/2021,12,Saturday,March,1,2021,N,
3/28/2021,12,Sunday,March,1,2021,N,
3/29/2021,13,Monday,March,1,2021,N,
3/30/2021,13,Tuesday,March,1,2021,N,
3/31/2021,13,Wednesday,March,1,2021,N,
4/1/2021,13,Thursday,April,2,2021,N,
4/2/2021,13,Friday,April,2,2021,Y,Good Friday
4/3/2021,13,Saturday,April,2,2021,N,
4/4/2021,13,Sunday,April,2,2021,N,
4/5/2021,14,Monday,April,2,2021,N,
4/6/2021,14,Tuesday,April,2,2021,N,
4/7/2021,14,Wednesday,April,2,2021,N,
4/8/2021,14,Thursday,April,2,2021,N,
4/9/2021,14,Friday,April,2,2021,N,
4/10/2021,14,Saturday,April,2,2021,N,
4/11/2021,14,Sunday,April,2,2021,N,
4/12/2021,15,Monday,April,2,2021,N,
4/13/2021,15,Tuesday,April,2,2021,N,
4/14/2021,15,Wednesday,April,2,2021,N,
4/15/2021,15,Thursday,April,2,2021,N,
4/16/2021,15,Friday,April,2,2021,N,
4/17/2021,15,Saturday,April,2,2021,N,
4/18/2021,15,Sunday,April,2,2021,N,
4/19/2021,16,Monday,April,2,2021,N,
4/20/2021,16,Tuesday,April,2,2021,N,
4/21/2021,16,Wednesday,April,2,2021,N,
4/22/2021,16,Thursday,April,2,2021,N,
4/23/2021,16,Friday,April,2,2021,N,
4/24/2021,16,Saturday,April,2,2021,N,
4/25/2021,16,Sunday,April,2,2021,N,
4/26/2021,17,Monday,April,2,2021,N,
4/27/2021,17,Tuesday,April,2,2021,N,
4/28/2021,17,Wednesday,April,2,2021,N,
4/29/2021,17,Thursday,April,2,2021,N,
4/30/2021,17,Friday,April,2,2021,N,
5/1/2021,17,Saturday,May,2,2021,Y,Labor Day
5/2/2021,17,Sunday,May,2,2021,N,
5/3/2021,18,Monday,May,2,2021,N,
5/4/2021,18,Tuesday,May,2,2021,N,
5/5/2021,18,Wednesday,May,2,2021,N,
5/6/2021,18,Thursday,May,2,2021,N,
5/7/2021,18,Friday,May,2,2021,N,
5/8/2021,18,Saturday,May,2,2021,N,
5/9/2021,18,Sunday,May,2,2021,N,
5/10/2021,19,Monday,May,2,2021,N,
5/11/2021,19,Tuesday,May,2,2021,N,
5/12/2021,19,Wednesday,May,2,2021,N,
5/13/2021,19,Thursday,May,2,2021,Y,Hari Raya Puasa
5/14/2021,19,Friday,May,2,2021,N,
5/15/2021,19,Saturday,May,2,2021,N,
5/16/2021,19,Sunday,May,2,2021,N,
5/17/2021,20,Monday,May,2,2021,N,
5/18/2021,20,Tuesday,May,2,2021,N,
5/19/2021,20,Wednesday,May,2,2021,N,
5/20/2021,20,Thursday,May,2,2021,N,
5/21/2021,20,Friday,May,2,2021,N,
5/22/2021,20,Saturday,May,2,2021,N,
5/23/2021,20,Sunday,May,2,2021,N,
5/24/2021,21,Monday,May,2,2021,N,
5/25/2021,21,Tuesday,May,2,2021,N,
5/26/2021,21,Wednesday,May,2,2021,Y,Vesak Day
5/27/2021,21,Thursday,May,2,2021,N,
5/28/2021,21,Friday,May,2,2021,N,
5/29/2021,21,Saturday,May,2,2021,N,
5/30/2021,21,Sunday,May,2,2021,N,
5/31/2021,22,Monday,May,2,2021,N,
6/1/2021,22,Tuesday,June,2,2021,N,
6/2/2021,22,Wednesday,June,2,2021,N,
6/3/2021,22,Thursday,June,2,2021,N,
6/4/2021,22,Friday,June,2,2021,N,
6/5/2021,22,Saturday,June,2,2021,N,
6/6/2021,22,Sunday,June,2,2021,N,
6/7/2021,23,Monday,June,2,2021,N,
6/8/2021,23,Tuesday,June,2,2021,N,
6/9/2021,23,Wednesday,June,2,2021,N,
6/10/2021,23,Thursday,June,2,2021,N,
6/11/2021,23,Friday,June,2,2021,N,
6/12/2021,23,Saturday,June,2,2021,N,
6/13/2021,23,Sunday,June,2,2021,N,
6/14/2021,24,Monday,June,2,2021,N,
6/15/2021,24,Tuesday,June,2,2021,N,
6/16/2021,24,Wednesday,June,2,2021,N,
6/17/2021,24,Thursday,June,2,2021,N,
6/18/2021,24,Friday,June,2,2021,N,
6/19/2021,24,Saturday,June,2,2021,N,
6/20/2021,24,Sunday,June,2,2021,N,
6/21/2021,25,Monday,June,2,2021,N,
6/22/2021,25,Tuesday,June,2,2021,N,
6/23/2021,25,Wednesday,June,2,2021,N,
6/24/2021,25,Thursday,June,2,2021,N,
6/25/2021,25,Friday,June,2,2021,N,
6/26/2021,25,Saturday,June,2,2021,N,
6/27/2021,25,Sunday,June,2,2021,N,
6/28/2021,26,Monday,June,2,2021,N,
6/29/2021,26,Tuesday,June,2,2021,N,
6/30/2021,26,Wednesday,June,2,2021,N,
7/1/2021,26,Thursday,July,3,2021,N,
7/2/2021,26,Friday,July,3,2021,N,
7/3/2021,26,Saturday,July,3,2021,N,
7/4/2021,26,Sunday,July,3,2021,N,
7/5/2021,27,Monday,July,3,2021,N,
7/6/2021,27,Tuesday,July,3,2021,N,
7/7/2021,27,Wednesday,July,3,2021,N,
7/8/2021,27,Thursday,July,3,2021,N,
7/9/2021,27,Friday,July,3,2021,N,
7/10/2021,27,Saturday,July,3,2021,N,
7/11/2021,27,Sunday,July,3,2021,N,
7/12/2021,28,Monday,July,3,2021,N,
7/13/2021,28,Tuesday,July,3,2021,N,
7/14/2021,28,Wednesday,July,3,2021,N,
7/15/2021,28,Thursday,July,3,2021,N,
7/16/2021,28,Friday,July,3,2021,N,
7/17/2021,28,Saturday,July,3,2021,N,
7/18/2021,28,Sunday,July,3,2021,N,
7/19/2021,29,Monday,July,3,2021,N,
7/20/2021,29,Tuesday,July,3,2021,Y,Hari Raya Haji
7/21/2021,29,Wednesday,July,3,2021,N,
7/22/2021,29,Thursday,July,3,2021,N,
7/23/2021,29,Friday,July,3,2021,N,
7/24/2021,29,Saturday,July,3,2021,N,
7/25/2021,29,Sunday,July,3,2021,N,
7/26/2021,30,Monday,July,3,2021,N,
7/27/2021,30,Tuesday,July,3,2021,N,
7/28/2021,30,Wednesday,July,3,2021,N,
7/29/2021,30,Thursday,July,3,2021,N,
7/30/2021,30,Friday,July,3,2021,N,
7/31/2021,30,Saturday,July,3,2021,N,
8/1/2021,30,Sunday,August,3,2021,N,
8/2/2021,31,Monday,August,3,2021,N,
8/3/2021,31,Tuesday,August,3,2021,N,
8/4/2021,31,Wednesday,August,3,2021,N,
8/5/2021,31,Thursday,August,3,2021,N,
8/6/2021,31,Friday,August,3,2021,N,
8/7/2021,31,Saturday,August,3,2021,N,
8/8/2021,31,Sunday,August,3,2021,N,
8/9/2021,32,Monday,August,3,2021,Y,National Day
8/10/2021,32,Tuesday,August,3,2021,N,
8/11/2021,32,Wednesday,August,3,2021,N,
8/12/2021,32,Thursday,August,3,2021,N,
8/13/2021,32,Friday,August,3,2021,N,
8/14/2021,32,Saturday,August,3,2021,N,
8/15/2021,32,Sunday,August,3,2021,N,
8/16/2021,33,Monday,August,3,2021,N,
8/17/2021,33,Tuesday,August,3,2021,N,
8/18/2021,33,Wednesday,August,3,2021,N,
8/19/2021,33,Thursday,August,3,2021,N,
8/20/2021,33,Friday,August,3,2021,N,
8/21/2021,33,Saturday,August,3,2021,N,
8/22/2021,33,Sunday,August,3,2021,N,
8/23/2021,34,Monday,August,3,2021,N,
8/24/2021,34,Tuesday,August,3,2021,N,
8/25/2021,34,Wednesday,August,3,2021,N,
8/26/2021,34,Thursday,August,3,2021,N,
8/27/2021,34,Friday,August,3,2021,N,
8/28/2021,34,Saturday,August,3,2021,N,
8/29/2021,34,Sunday,August,3,2021,N,
8/30/2021,35,Monday,August,3,2021,N,
8/31/2021,35,Tuesday,August,3,2021,N,
9/1/2021,35,Wednesday,September,3,2021,N,
9/2/2021,35,Thursday,September,3,2021,N,
9/3/2021,35,Friday,September,3,2021,N,
9/4/2021,35,Saturday,September,3,2021,N,
9/5/2021,35,Sunday,September,3,2021,N,
9/6/2021,36,Monday,September,3,2021,N,
9/7/2021,36,Tuesday,September,3,2021,N,
9/8/2021,36,Wednesday,September,3,2021,N,
9/9/2021,36,Thursday,September,3,2021,N,
9/10/2021,36,Friday,September,3,2021,N,
9/11/2021,36,Saturday,September,3,2021,N,
9/12/2021,36,Sunday,September,3,2021,N,
9/13/2021,37,Monday,September,3,2021,N,
9/14/2021,37,Tuesday,September,3,2021,N,
9/15/2021,37,Wednesday,September,3,2021,N,
9/16/2021,37,Thursday,September,3,2021,N,
9/17/2021,37,Friday,September,3,2021,N,
9/18/2021,37,Saturday,September,3,2021,N,
9/19/2021,37,Sunday,September,3,2021,N,
9/20/2021,38,Monday,September,3,2021,N,
9/21/2021,38,Tuesday,September,3,2021,N,
9/22/2021,38,Wednesday,September,3,2021,N,
9/23/2021,38,Thursday,September,3,2021,N,
9/24/2021,38,Friday,September,3,2021,N,
9/25/2021,38,Saturday,September,3,2021,N,
9/26/2021,38,Sunday,September,3,2021,N,
9/27/2021,39,Monday,September,3,2021,N,
9/28/2021,39,Tuesday,September,3,2021,N,
9/29/2021,39,Wednesday,September,3,2021,N,
9/30/2021,39,Thursday,September,3,2021,N,
10/1/2021,39,Friday,October,4,2021,N,
10/2/2021,39,Saturday,October,4,2021,N,
10/3/2021,39,Sunday,October,4,2021,N,
10/4/2021,40,Monday,October,4,2021,N,
10/5/2021,40,Tuesday,October,4,2021,N,
10/6/2021,40,Wednesday,October,4,2021,N,
10/7/2021,40,Thursday,October,4,2021,N,
10/8/2021,40,Friday,October,4,2021,N,
10/9/2021,40,Saturday,October,4,2021,N,
10/10/2021,40,Sunday,October,4,2021,N,
10/11/2021,41,Monday,October,4,2021,N,
10/12/2021,41,Tuesday,October,4,2021,N,
10/13/2021,41,Wednesday,October,4,2021,N,
10/14/2021,41,Thursday,October,4,2021,N,
10/15/2021,41,Friday,October,4,2021,N,
10/16/2021,41,Saturday,October,4,2021,N,
10/17/2021,41,Sunday,October,4,2021,N,
10/18/2021,42,Monday,October,4,2021,N,
10/19/2021,42,Tuesday,October,4,2021,N,
10/20/2021,42,Wednesday,October,4,2021,N,
10/21/2021,42,Thursday,October,4,2021,N,
10/22/2021,42,Friday,October,4,2021,N,
10/23/2021,42,Saturday,October,4,2021,N,
10/24/2021,42,Sunday,October,4,2021,N,
10/25/2021,43,Monday,October,4,2021,N,
10/26/2021,43,Tuesday,October,4,2021,N,
10/27/2021,43,Wednesday,October,4,2021,N,
10/28/2021,43,Thursday,October,4,2021,N,
10/29/2021,43,Friday,October,4,2021,N,
10/30/2021,43,Saturday,October,4,2021,N,
10/31/2021,43,Sunday,October,4,2021,N,
11/1/2021,44,Monday,November,4,2021,N,
11/2/2021,44,Tuesday,November,4,2021,N,
11/3/2021,44,Wednesday,November,4,2021,N,
11/4/2021,44,Thursday,November,4,2021,Y,Deepavali
11/5/2021,44,Friday,November,4,2021,N,
11/6/2021,44,Saturday,November,4,2021,N,
11/7/2021,44,Sunday,November,4,2021,N,
11/8/2021,45,Monday,November,4,2021,N,
11/9/2021,45,Tuesday,November,4,2021,N,
11/10/2021,45,Wednesday,November,4,2021,N,
11/11/2021,45,Thursday,November,4,2021,N,
11/12/2021,45,Friday,November,4,2021,N,
11/13/2021,45,Saturday,November,4,2021,N,
11/14/2021,45,Sunday,November,4,2021,N,
11/15/2021,46,Monday,November,4,2021,N,
11/16/2021,46,Tuesday,November,4,2021,N,
11/17/2021,46,Wednesday,November,4,2021,N,
11/18/2021,46,Thursday,November,4,2021,N,
11/19/2021,46,Friday,November,4,2021,N,
11/20/2021,46,Saturday,November,4,2021,N,
11/21/2021,46,Sunday,November,4,2021,N,
11/22/2021,47,Monday,November,4,2021,N,
11/23/2021,47,Tuesday,November,4,2021,N,
11/24/2021,47,Wednesday,November,4,2021,N,
11/25/2021,47,Thursday,November,4,2021,N,
11/26/2021,47,Friday,November,4,2021,N,
11/27/2021,47,Saturday,November,4,2021,N,
11/28/2021,47,Sunday,November,4,2021,N,
11/29/2021,48,Monday,November,4,2021,N,
11/30/2021,48,Tuesday,November,4,2021,N,
12/1/2021,48,Wednesday,December,4,2021,N,
12/2/2021,48,Thursday,December,4,2021,N,
12/3/2021,48,Friday,December,4,2021,N,
12/4/2021,48,Saturday,December,4,2021,N,
12/5/2021,48,Sunday,December,4,2021,N,
12/6/2021,49,Monday,December,4,2021,N,
12/7/2021,49,Tuesday,December,4,2021,N,
12/8/2021,49,Wednesday,December,4,2021,N,
12/9/2021,49,Thursday,December,4,2021,N,
12/10/2021,49,Friday,December,4,2021,N,
12/11/2021,49,Saturday,December,4,2021,N,
12/12/2021,49,Sunday,December,4,2021,N,
12/13/2021,50,Monday,December,4,2021,N,
12/14/2021,50,Tuesday,December,4,2021,N,
12/15/2021,50,Wednesday,December,4,2021,N,
12/16/2021,50,Thursday,December,4,2021,N,
12/17/2021,50,Friday,December,4,2021,N,
12/18/2021,50,Saturday,December,4,2021,N,
12/19/2021,50,Sunday,December,4,2021,N,
12/20/2021,51,Monday,December,4,2021,N,
12/21/2021,51,Tuesday,December,4,2021,N,
12/22/2021,51,Wednesday,December,4,2021,N,
12/23/2021,51,Thursday,December,4,2021,N,
12/24/2021,51,Friday,December,4,2021,N,
12/25/2021,51,Saturday,December,4,2021,Y,Christmas Day
12/26/2021,51,Sunday,December,4,2021,N,
12/27/2021,52,Monday,December,4,2021,N,
12/28/2021,52,Tuesday,December,4,2021,N,
12/29/2021,52,Wednesday,December,4,2021,N,
12/30/2021,52,Thursday,December,4,2021,N,
12/31/2021,52,Friday,December,4,2021,N,
1/1/2022,52,Saturday,January,1,2022,Y,New Year's Day
1/2/2022,52,Sunday,January,1,2022,N,
1/3/2022,1,Monday,January,1,2022,N,
1/4/2022,1,Tuesday,January,1,2022,N,
1/5/2022,1,Wednesday,January,1,2022,N,
1/6/2022,1,Thursday,January,1,2022,N,
1/7/2022,1,Friday,January,1,2022,N,
1/8/2022,1,Saturday,January,1,2022,N,
1/9/2022,1,Sunday,January,1,2022,N,
1/10/2022,2,Monday,January,1,2022,N,
1/11/2022,2,Tuesday,January,1,2022,N,
1/12/2022,2,Wednesday,January,1,2022,N,
1/13/2022,2,Thursday,January,1,2022,N,
1/14/2022,2,Friday,January,1,2022,N,
1/15/2022,2,Saturday,January,1,2022,N,
1/16/2022,2,Sunday,January,1,2022,N,
1/17/2022,3,Monday,January,1,2022,N,
1/18/2022,3,Tuesday,January,1,2022,N,
1/19/2022,3,Wednesday,January,1,2022,N,
1/20/2022,3,Thursday,January,1,2022,N,
1/21/2022,3,Friday,January,1,2022,N,
1/22/2022,3,Saturday,January,1,2022,N,
1/23/2022,3,Sunday,January,1,2022,N,
1/24/2022,4,Monday,January,1,2022,N,
1/25/2022,4,Tuesday,January,1,2022,N,
1/26/2022,4,Wednesday,January,1,2022,N,
1/27/2022,4,Thursday,January,1,2022,N,
1/28/2022,4,Friday,January,1,2022,N,
1/29/2022,4,Saturday,January,1,2022,N,
1/30/2022,4,Sunday,January,1,2022,N,
1/31/2022,5,Monday,January,1,2022,N,
2/1/2022,5,Tuesday,February,1,2022,Y,Chinese New Year
2/2/2022,5,Wednesday,February,1,2022,Y,Chinese New Year
2/3/2022,5,Thursday,February,1,2022,N,
2/4/2022,5,Friday,February,1,2022,N,
2/5/2022,5,Saturday,February,1,2022,N,
2/6/2022,5,Sunday,February,1,2022,N,
2/7/2022,6,Monday,February,1,2022,N,
2/8/2022,6,Tuesday,February,1,2022,N,
2/9/2022,6,Wednesday,February,1,2022,N,
2/10/2022,6,Thursday,February,1,2022,N,
2/11/2022,6,Friday,February,1,2022,N,
2/12/2022,6,Saturday,February,1,2022,N,
2/13/2022,6,Sunday,February,1,2022,N,
2/14/2022,7,Monday,February,1,2022,N,
2/15/2022,7,Tuesday,February,1,2022,N,
2/16/2022,7,Wednesday,February,1,2022,N,
2/17/2022,7,Thursday,February,1,2022,N,
2/18/2022,7,Friday,February,1,2022,N,
2/19/2022,7,Saturday,February,1,2022,N,
2/20/2022,7,Sunday,February,1,2022,N,
2/21/2022,8,Monday,February,1,2022,N,
2/22/2022,8,Tuesday,February,1,2022,N,
2/23/2022,8,Wednesday,February,1,2022,N,
2/24/2022,8,Thursday,February,1,2022,N,
2/25/2022,8,Friday,February,1,2022,N,
2/26/2022,8,Saturday,February,1,2022,N,
2/27/2022,8,Sunday,February,1,2022,N,
2/28/2022,9,Monday,February,1,2022,N,
3/1/2022,9,Tuesday,March,1,2022,N,
3/2/2022,9,Wednesday,March,1,2022,N,
3/3/2022,9,Thursday,March,1,2022,N,
3/4/2022,9,Friday,March,1,2022,N,
3/5/2022,9,Saturday,March,1,2022,N,
3/6/2022,9,Sunday,March,1,2022,N,
3/7/2022,10,Monday,March,1,2022,N,
3/8/2022,10,Tuesday,March,1,2022,N,
3/9/2022,10,Wednesday,March,1,2022,N,
3/10/2022,10,Thursday,March,1,2022,N,
3/11/2022,10,Friday,March,1,2022,N,
3/12/2022,10,Saturday,March,1,2022,N,
3/13/2022,10,Sunday,March,1,2022,N,
3/14/2022,11,Monday,March,1,2022,N,
3/15/2022,11,Tuesday,March,1,2022,N,
3/16/2022,11,Wednesday,March,1,2022,N,
3/17/2022,11,Thursday,March,1,2022,N,
3/18/2022,11,Friday,March,1,2022,N,
3/19/2022,11,Saturday,March,1,2022,N,
3/20/2022,11,Sunday,March,1,2022,N,
3/21/2022,12,Monday,March,1,2022,N,
3/22/2022,12,Tuesday,March,1,2022,N,
3/23/2022,12,Wednesday,March,1,2022,N,
3/24/2022,12,Thursday,March,1,2022,N,
3/25/2022,12,Friday,March,1,2022,N,
3/26/2022,12,Saturday,March,1,2022,N,
3/27/2022,12,Sunday,March,1,2022,N,
3/28/2022,13,Monday,March,1,2022,N,
3/29/2022,13,Tuesday,March,1,2022,N,
3/30/2022,13,Wednesday,March,1,2022,N,
3/31/2022,13,Thursday,March,1,2022,N,
4/1/2022,13,Friday,April,2,2022,N,
4/2/2022,13,Saturday,April,2,2022,N,
4/3/2022,13,Sunday,April,2,2022,N,
4/4/2022,14,Monday,April,2,2022,N,
4/5/2022,14,Tuesday,April,2,2022,N,
4/6/2022,14,Wednesday,April,2,2022,N,
4/7/2022,14,Thursday,April,2,2022,N,
4/8/2022,14,Friday,April,2,2022,N,
4/9/2022,14,Saturday,April,2,2022,N,
4/10/2022,14,Sunday,April,2,2022,N,
4/11/2022,15,Monday,April,2,2022,N,
4/12/2022,15,Tuesday,April,2,2022,N,
4/13/2022,15,Wednesday,April,2,2022,N,
4/14/2022,15,Thursday,April,2,2022,N,
4/15/2022,15,Friday,April,2,2022,Y,Good Friday
4/16/2022,15,Saturday,April,2,2022,N,
4/17/2022,15,Sunday,April,2,2022,N,
4/18/2022,16,Monday,April,2,2022,N,
4/19/2022,16,Tuesday,April,2,2022,N,
4/20/2022,16,Wednesday,April,2,2022,N,
4/21/2022,16,Thursday,April,2,2022,N,
4/22/2022,16,Friday,April,2,2022,N,
4/23/2022,16,Saturday,April,2,2022,N,
4/24/2022,16,Sunday,April,2,2022,N,
4/25/2022,17,Monday,April,2,2022,N,
4/26/2022,17,Tuesday,April,2,2022,N,
4/27/2022,17,Wednesday,April,2,2022,N,
4/28/2022,17,Thursday,April,2,2022,N,
4/29/2022,17,Friday,April,2,2022,N,
4/30/2022,17,Saturday,April,2,2022,N,
5/1/2022,17,Sunday,May,2,2022,N,
5/2/2022,18,Monday,May,2,2022,Y,Labor Day
5/3/2022,18,Tuesday,May,2,2022,Y,Hari Raya Puasa
5/4/2022,18,Wednesday,May,2,2022,N,
5/5/2022,18,Thursday,May,2,2022,N,
5/6/2022,18,Friday,May,2,2022,N,
5/7/2022,18,Saturday,May,2,2022,N,
5/8/2022,18,Sunday,May,2,2022,N,
5/9/2022,19,Monday,May,2,2022,N,
5/10/2022,19,Tuesday,May,2,2022,N,
5/11/2022,19,Wednesday,May,2,2022,N,
5/12/2022,19,Thursday,May,2,2022,N,
5/13/2022,19,Friday,May,2,2022,N,
5/14/2022,19,Saturday,May,2,2022,N,
5/15/2022,19,Sunday,May,2,2022,N,
5/16/2022,20,Monday,May,2,2022,Y,Vesak Day
5/17/2022,20,Tuesday,May,2,2022,N,
5/18/2022,20,Wednesday,May,2,2022,N,
5/19/2022,20,Thursday,May,2,2022,N,
5/20/2022,20,Friday,May,2,2022,N,
5/21/2022,20,Saturday,May,2,2022,N,
5/22/2022,20,Sunday,May,2,2022,N,
5/23/2022,21,Monday,May,2,2022,N,
5/24/2022,21,Tuesday,May,2,2022,N,
5/25/2022,21,Wednesday,May,2,2022,N,
5/26/2022,21,Thursday,May,2,2022,N,
5/27/2022,21,Friday,May,2,2022,N,
5/28/2022,21,Saturday,May,2,2022,N,
5/29/2022,21,Sunday,May,2,2022,N,
5/30/2022,22,Monday,May,2,2022,N,
5/31/2022,22,Tuesday,May,2,2022,N,
6/1/2022,22,Wednesday,June,2,2022,N,
6/2/2022,22,Thursday,June,2,2022,N,
6/3/2022,22,Friday,June,2,2022,N,
6/4/2022,22,Saturday,June,2,2022,N,
6/5/2022,22,Sunday,June,2,2022,N,
6/6/2022,23,Monday,June,2,2022,N,
6/7/2022,23,Tuesday,June,2,2022,N,
6/8/2022,23,Wednesday,June,2,2022,N,
6/9/2022,23,Thursday,June,2,2022,N,
6/10/2022,23,Friday,June,2,2022,N,
6/11/2022,23,Saturday,June,2,2022,N,
6/12/2022,23,Sunday,June,2,2022,N,
6/13/2022,24,Monday,June,2,2022,N,
6/14/2022,24,Tuesday,June,2,2022,N,
6/15/2022,24,Wednesday,June,2,2022,N,
6/16/2022,24,Thursday,June,2,2022,N,
6/17/2022,24,Friday,June,2,2022,N,
6/18/2022,24,Saturday,June,2,2022,N,
6/19/2022,24,Sunday,June,2,2022,N,
6/20/2022,25,Monday,June,2,2022,N,
6/21/2022,25,Tuesday,June,2,2022,N,
6/22/2022,25,Wednesday,June,2,2022,N,
6/23/2022,25,Thursday,June,2,2022,N,
6/24/2022,25,Friday,June,2,2022,N,
6/25/2022,25,Saturday,June,2,2022,N,
6/26/2022,25,Sunday,June,2,2022,N,
6/27/2022,26,Monday,June,2,2022,N,
6/28/2022,26,Tuesday,June,2,2022,N,
6/29/2022,26,Wednesday,June,2,2022,N,
6/30/2022,26,Thursday,June,2,2022,N,
7/1/2022,26,Friday,July,3,2022,N,
7/2/2022,26,Saturday,July,3,2022,N,
7/3/2022,26,Sunday,July,3,2022,N,
7/4/2022,27,Monday,July,3,2022,N,
7/5/2022,27,Tuesday,July,3,2022,N,
7/6/2022,27,Wednesday,July,3,2022,N,
7/7/2022,27,Thursday,July,3,2022,N,
7/8/2022,27,Friday,July,3,2022,N,
7/9/2022,27,Saturday,July,3,2022,N,
7/10/2022,27,Sunday,July,3,2022,Y,Hari Raya Haji
7/11/2022,28,Monday,July,3,2022,Y,
7/12/2022,28,Tuesday,July,3,2022,N,
7/13/2022,28,Wednesday,July,3,2022,N,
7/14/2022,28,Thursday,July,3,2022,N,
7/15/2022,28,Friday,July,3,2022,N,
7/16/2022,28,Saturday,July,3,2022,N,
7/17/2022,28,Sunday,July,3,2022,N,
7/18/2022,29,Monday,July,3,2022,N,
7/19/2022,29,Tuesday,July,3,2022,N,
7/20/2022,29,Wednesday,July,3,2022,N,
7/21/2022,29,Thursday,July,3,2022,N,
7/22/2022,29,Friday,July,3,2022,N,
7/23/2022,29,Saturday,July,3,2022,N,
7/24/2022,29,Sunday,July,3,2022,N,
7/25/2022,30,Monday,July,3,2022,N,
7/26/2022,30,Tuesday,July,3,2022,N,
7/27/2022,30,Wednesday,July,3,2022,N,
7/28/2022,30,Thursday,July,3,2022,N,
7/29/2022,30,Friday,July,3,2022,N,
7/30/2022,30,Saturday,July,3,2022,N,
7/31/2022,30,Sunday,July,3,2022,N,
8/1/2022,31,Monday,August,3,2022,N,
8/2/2022,31,Tuesday,August,3,2022,N,
8/3/2022,31,Wednesday,August,3,2022,N,
8/4/2022,31,Thursday,August,3,2022,N,
8/5/2022,31,Friday,August,3,2022,N,
8/6/2022,31,Saturday,August,3,2022,N,
8/7/2022,31,Sunday,August,3,2022,N,
8/8/2022,32,Monday,August,3,2022,N,
8/9/2022,32,Tuesday,August,3,2022,Y,National Day
8/10/2022,32,Wednesday,August,3,2022,N,
8/11/2022,32,Thursday,August,3,2022,N,
8/12/2022,32,Friday,August,3,2022,N,
8/13/2022,32,Saturday,August,3,2022,N,
8/14/2022,32,Sunday,August,3,2022,N,
8/15/2022,33,Monday,August,3,2022,N,
8/16/2022,33,Tuesday,August,3,2022,N,
8/17/2022,33,Wednesday,August,3,2022,N,
8/18/2022,33,Thursday,August,3,2022,N,
8/19/2022,33,Friday,August,3,2022,N,
8/20/2022,33,Saturday,August,3,2022,N,
8/21/2022,33,Sunday,August,3,2022,N,
8/22/2022,34,Monday,August,3,2022,N,
8/23/2022,34,Tuesday,August,3,2022,N,
8/24/2022,34,Wednesday,August,3,2022,N,
8/25/2022,34,Thursday,August,3,2022,N,
8/26/2022,34,Friday,August,3,2022,N,
8/27/2022,34,Saturday,August,3,2022,N,
8/28/2022,34,Sunday,August,3,2022,N,
8/29/2022,35,Monday,August,3,2022,N,
8/30/2022,35,Tuesday,August,3,2022,N,
8/31/2022,35,Wednesday,August,3,2022,N,
9/1/2022,35,Thursday,September,3,2022,N,
9/2/2022,35,Friday,September,3,2022,N,
9/3/2022,35,Saturday,September,3,2022,N,
9/4/2022,35,Sunday,September,3,2022,N,
9/5/2022,36,Monday,September,3,2022,N,
9/6/2022,36,Tuesday,September,3,2022,N,
9/7/2022,36,Wednesday,September,3,2022,N,
9/8/2022,36,Thursday,September,3,2022,N,
9/9/2022,36,Friday,September,3,2022,N,
9/10/2022,36,Saturday,September,3,2022,N,
9/11/2022,36,Sunday,September,3,2022,N,
9/12/2022,37,Monday,September,3,2022,N,
9/13/2022,37,Tuesday,September,3,2022,N,
9/14/2022,37,Wednesday,September,3,2022,N,
9/15/2022,37,Thursday,September,3,2022,N,
9/16/2022,37,Friday,September,3,2022,N,
9/17/2022,37,Saturday,September,3,2022,N,
9/18/2022,37,Sunday,September,3,2022,N,
9/19/2022,38,Monday,September,3,2022,N,
9/20/2022,38,Tuesday,September,3,2022,N,
9/21/2022,38,Wednesday,September,3,2022,N,
9/22/2022,38,Thursday,September,3,2022,N,
9/23/2022,38,Friday,September,3,2022,N,
9/24/2022,38,Saturday,September,3,2022,N,
9/25/2022,38,Sunday,September,3,2022,N,
9/26/2022,39,Monday,September,3,2022,N,
9/27/2022,39,Tuesday,September,3,2022,N,
9/28/2022,39,Wednesday,September,3,2022,N,
9/29/2022,39,Thursday,September,3,2022,N,
9/30/2022,39,Friday,September,3,2022,N,
10/1/2022,39,Saturday,October,4,2022,N,
10/2/2022,39,Sunday,October,4,2022,N,
10/3/2022,40,Monday,October,4,2022,N,
10/4/2022,40,Tuesday,October,4,2022,N,
10/5/2022,40,Wednesday,October,4,2022,N,
10/6/2022,40,Thursday,October,4,2022,N,
10/7/2022,40,Friday,October,4,2022,N,
10/8/2022,40,Saturday,October,4,2022,N,
10/9/2022,40,Sunday,October,4,2022,N,
10/10/2022,41,Monday,October,4,2022,N,
10/11/2022,41,Tuesday,October,4,2022,N,
10/12/2022,41,Wednesday,October,4,2022,N,
10/13/2022,41,Thursday,October,4,2022,N,
10/14/2022,41,Friday,October,4,2022,N,
10/15/2022,41,Saturday,October,4,2022,N,
10/16/2022,41,Sunday,October,4,2022,N,
10/17/2022,42,Monday,October,4,2022,N,
10/18/2022,42,Tuesday,October,4,2022,N,
10/19/2022,42,Wednesday,October,4,2022,N,
10/20/2022,42,Thursday,October,4,2022,N,
10/21/2022,42,Friday,October,4,2022,N,
10/22/2022,42,Saturday,October,4,2022,N,
10/23/2022,42,Sunday,October,4,2022,N,
10/24/2022,43,Monday,October,4,2022,Y,Deepavali
10/25/2022,43,Tuesday,October,4,2022,N,
10/26/2022,43,Wednesday,October,4,2022,N,
10/27/2022,43,Thursday,October,4,2022,N,
10/28/2022,43,Friday,October,4,2022,N,
10/29/2022,43,Saturday,October,4,2022,N,
10/30/2022,43,Sunday,October,4,2022,N,
10/31/2022,44,Monday,October,4,2022,N,
11/1/2022,44,Tuesday,November,4,2022,N,
11/2/2022,44,Wednesday,November,4,2022,N,
11/3/2022,44,Thursday,November,4,2022,N,
11/4/2022,44,Friday,November,4,2022,N,
11/5/2022,44,Saturday,November,4,2022,N,
11/6/2022,44,Sunday,November,4,2022,N,
11/7/2022,45,Monday,November,4,2022,N,
11/8/2022,45,Tuesday,November,4,2022,N,
11/9/2022,45,Wednesday,November,4,2022,N,
11/10/2022,45,Thursday,November,4,2022,N,
11/11/2022,45,Friday,November,4,2022,N,
11/12/2022,45,Saturday,November,4,2022,N,
11/13/2022,45,Sunday,November,4,2022,N,
11/14/2022,46,Monday,November,4,2022,N,
11/15/2022,46,Tuesday,November,4,2022,N,
11/16/2022,46,Wednesday,November,4,2022,N,
11/17/2022,46,Thursday,November,4,2022,N,
11/18/2022,46,Friday,November,4,2022,N,
11/19/2022,46,Saturday,November,4,2022,N,
11/20/2022,46,Sunday,November,4,2022,N,
11/21/2022,47,Monday,November,4,2022,N,
11/22/2022,47,Tuesday,November,4,2022,N,
11/23/2022,47,Wednesday,November,4,2022,N,
11/24/2022,47,Thursday,November,4,2022,N,
11/25/2022,47,Friday,November,4,2022,N,
11/26/2022,47,Saturday,November,4,2022,N,
11/27/2022,47,Sunday,November,4,2022,N,
11/28/2022,48,Monday,November,4,2022,N,
11/29/2022,48,Tuesday,November,4,2022,N,
11/30/2022,48,Wednesday,November,4,2022,N,
12/1/2022,48,Thursday,December,4,2022,N,
12/2/2022,48,Friday,December,4,2022,N,
12/3/2022,48,Saturday,December,4,2022,N,
12/4/2022,48,Sunday,December,4,2022,N,
12/5/2022,49,Monday,December,4,2022,N,
12/6/2022,49,Tuesday,December,4,2022,N,
12/7/2022,49,Wednesday,December,4,2022,N,
12/8/2022,49,Thursday,December,4,2022,N,
12/9/2022,49,Friday,December,4,2022,N,
12/10/2022,49,Saturday,December,4,2022,N,
12/11/2022,49,Sunday,December,4,2022,N,
12/12/2022,50,Monday,December,4,2022,N,
12/13/2022,50,Tuesday,December,4,2022,N,
12/14/2022,50,Wednesday,December,4,2022,N,
12/15/2022,50,Thursday,December,4,2022,N,
12/16/2022,50,Friday,December,4,2022,N,
12/17/2022,50,Saturday,December,4,2022,N,
12/18/2022,50,Sunday,December,4,2022,N,
12/19/2022,51,Monday,December,4,2022,N,
12/20/2022,51,Tuesday,December,4,2022,N,
12/21/2022,51,Wednesday,December,4,2022,N,
12/22/2022,51,Thursday,December,4,2022,N,
12/23/2022,51,Friday,December,4,2022,N,
12/24/2022,51,Saturday,December,4,2022,N,
12/25/2022,51,Sunday,December,4,2022,Y,Christmas Day
12/26/2022,52,Monday,December,4,2022,Y,
12/27/2022,52,Tuesday,December,4,2022,N,
12/28/2022,52,Wednesday,December,4,2022,N,
12/29/2022,52,Thursday,December,4,2022,N,
12/30/2022,52,Friday,December,4,2022,N,
12/31/2022,52,Saturday,December,4,2022,N,
1/1/2023,52,Sunday,January,1,2023,Y,New Year's Day
1/2/2023,1,Monday,January,1,2023,Y,
1/3/2023,1,Tuesday,January,1,2023,N,
1/4/2023,1,Wednesday,January,1,2023,N,
1/5/2023,1,Thursday,January,1,2023,N,
1/6/2023,1,Friday,January,1,2023,N,
1/7/2023,1,Saturday,January,1,2023,N,
1/8/2023,1,Sunday,January,1,2023,N,
1/9/2023,2,Monday,January,1,2023,N,
1/10/2023,2,Tuesday,January,1,2023,N,
1/11/2023,2,Wednesday,January,1,2023,N,
1/12/2023,2,Thursday,January,1,2023,N,
1/13/2023,2,Friday,January,1,2023,N,
1/14/2023,2,Saturday,January,1,2023,N,
1/15/2023,2,Sunday,January,1,2023,N,
1/16/2023,3,Monday,January,1,2023,N,
1/17/2023,3,Tuesday,January,1,2023,N,
1/18/2023,3,Wednesday,January,1,2023,N,
1/19/2023,3,Thursday,January,1,2023,N,
1/20/2023,3,Friday,January,1,2023,N,
1/21/2023,3,Saturday,January,1,2023,N,
1/22/2023,3,Sunday,January,1,2023,Y,Chinese New Year
1/23/2023,4,Monday,January,1,2023,Y,Chinese New Year
1/24/2023,4,Tuesday,January,1,2023,Y,Chinese New Year
1/25/2023,4,Wednesday,January,1,2023,N,
1/26/2023,4,Thursday,January,1,2023,N,
1/27/2023,4,Friday,January,1,2023,N,
1/28/2023,4,Saturday,January,1,2023,N,
1/29/2023,4,Sunday,January,1,2023,N,
1/30/2023,5,Monday,January,1,2023,N,
1/31/2023,5,Tuesday,January,1,2023,N,
2/1/2023,5,Wednesday,February,1,2023,N,
2/2/2023,5,Thursday,February,1,2023,N,
2/3/2023,5,Friday,February,1,2023,N,
2/4/2023,5,Saturday,February,1,2023,N,
2/5/2023,5,Sunday,February,1,2023,N,
2/6/2023,6,Monday,February,1,2023,N,
2/7/2023,6,Tuesday,February,1,2023,N,
2/8/2023,6,Wednesday,February,1,2023,N,
2/9/2023,6,Thursday,February,1,2023,N,
2/10/2023,6,Friday,February,1,2023,N,
2/11/2023,6,Saturday,February,1,2023,N,
2/12/2023,6,Sunday,February,1,2023,N,
2/13/2023,7,Monday,February,1,2023,N,
2/14/2023,7,Tuesday,February,1,2023,N,
2/15/2023,7,Wednesday,February,1,2023,N,
2/16/2023,7,Thursday,February,1,2023,N,
2/17/2023,7,Friday,February,1,2023,N,
2/18/2023,7,Saturday,February,1,2023,N,
2/19/2023,7,Sunday,February,1,2023,N,
2/20/2023,8,Monday,February,1,2023,N,
2/21/2023,8,Tuesday,February,1,2023,N,
2/22/2023,8,Wednesday,February,1,2023,N,
2/23/2023,8,Thursday,February,1,2023,N,
2/24/2023,8,Friday,February,1,2023,N,
2/25/2023,8,Saturday,February,1,2023,N,
2/26/2023,8,Sunday,February,1,2023,N,
2/27/2023,9,Monday,February,1,2023,N,
2/28/2023,9,Tuesday,February,1,2023,N,
3/1/2023,9,Wednesday,March,1,2023,N,
3/2/2023,9,Thursday,March,1,2023,N,
3/3/2023,9,Friday,March,1,2023,N,
3/4/2023,9,Saturday,March,1,2023,N,
3/5/2023,9,Sunday,March,1,2023,N,
3/6/2023,10,Monday,March,1,2023,N,
3/7/2023,10,Tuesday,March,1,2023,N,
3/8/2023,10,Wednesday,March,1,2023,N,
3/9/2023,10,Thursday,March,1,2023,N,
3/10/2023,10,Friday,March,1,2023,N,
3/11/2023,10,Saturday,March,1,2023,N,
3/12/2023,10,Sunday,March,1,2023,N,
3/13/2023,11,Monday,March,1,2023,N,
3/14/2023,11,Tuesday,March,1,2023,N,
3/15/2023,11,Wednesday,March,1,2023,N,
3/16/2023,11,Thursday,March,1,2023,N,
3/17/2023,11,Friday,March,1,2023,N,
3/18/2023,11,Saturday,March,1,2023,N,
3/19/2023,11,Sunday,March,1,2023,N,
3/20/2023,12,Monday,March,1,2023,N,
3/21/2023,12,Tuesday,March,1,2023,N,
3/22/2023,12,Wednesday,March,1,2023,N,
3/23/2023,12,Thursday,March,1,2023,N,
3/24/2023,12,Friday,March,1,2023,N,
3/25/2023,12,Saturday,March,1,2023,N,
3/26/2023,12,Sunday,March,1,2023,N,
3/27/2023,13,Monday,March,1,2023,N,
3/28/2023,13,Tuesday,March,1,2023,N,
3/29/2023,13,Wednesday,March,1,2023,N,
3/30/2023,13,Thursday,March,1,2023,N,
3/31/2023,13,Friday,March,1,2023,N,
4/1/2023,13,Saturday,April,2,2023,N,
4/2/2023,13,Sunday,April,2,2023,N,
4/3/2023,14,Monday,April,2,2023,N,
4/4/2023,14,Tuesday,April,2,2023,N,
4/5/2023,14,Wednesday,April,2,2023,N,
4/6/2023,14,Thursday,April,2,2023,N,
4/7/2023,14,Friday,April,2,2023,Y,Good Friday
4/8/2023,14,Saturday,April,2,2023,N,
4/9/2023,14,Sunday,April,2,2023,N,
4/10/2023,15,Monday,April,2,2023,N,
4/11/2023,15,Tuesday,April,2,2023,N,
4/12/2023,15,Wednesday,April,2,2023,N,
4/13/2023,15,Thursday,April,2,2023,N,
4/14/2023,15,Friday,April,2,2023,N,
4/15/2023,15,Saturday,April,2,2023,N,
4/16/2023,15,Sunday,April,2,2023,N,
4/17/2023,16,Monday,April,2,2023,N,
4/18/2023,16,Tuesday,April,2,2023,N,
4/19/2023,16,Wednesday,April,2,2023,N,
4/20/2023,16,Thursday,April,2,2023,N,
4/21/2023,16,Friday,April,2,2023,N,
4/22/2023,16,Saturday,April,2,2023,Y,Hari Raya Puasa
4/23/2023,16,Sunday,April,2,2023,N,
4/24/2023,17,Monday,April,2,2023,N,
4/25/2023,17,Tuesday,April,2,2023,N,
4/26/2023,17,Wednesday,April,2,2023,N,
4/27/2023,17,Thursday,April,2,2023,N,
4/28/2023,17,Friday,April,2,2023,N,
4/29/2023,17,Saturday,April,2,2023,N,
4/30/2023,17,Sunday,April,2,2023,N,
5/1/2023,18,Monday,May,2,2023,Y,Labor Day
5/2/2023,18,Tuesday,May,2,2023,N,
5/3/2023,18,Wednesday,May,2,2023,N,
5/4/2023,18,Thursday,May,2,2023,N,
5/5/2023,18,Friday,May,2,2023,N,
5/6/2023,18,Saturday,May,2,2023,N,
5/7/2023,18,Sunday,May,2,2023,N,
5/8/2023,19,Monday,May,2,2023,N,
5/9/2023,19,Tuesday,May,2,2023,N,
5/10/2023,19,Wednesday,May,2,2023,N,
5/11/2023,19,Thursday,May,2,2023,N,
5/12/2023,19,Friday,May,2,2023,N,
5/13/2023,19,Saturday,May,2,2023,N,
5/14/2023,19,Sunday,May,2,2023,N,
5/15/2023,20,Monday,May,2,2023,N,
5/16/2023,20,Tuesday,May,2,2023,N,
5/17/2023,20,Wednesday,May,2,2023,N,
5/18/2023,20,Thursday,May,2,2023,N,
5/19/2023,20,Friday,May,2,2023,N,
5/20/2023,20,Saturday,May,2,2023,N,
5/21/2023,20,Sunday,May,2,2023,N,
5/22/2023,21,Monday,May,2,2023,N,
5/23/2023,21,Tuesday,May,2,2023,N,
5/24/2023,21,Wednesday,May,2,2023,N,
5/25/2023,21,Thursday,May,2,2023,N,
5/26/2023,21,Friday,May,2,2023,N,
5/27/2023,21,Saturday,May,2,2023,N,
5/28/2023,21,Sunday,May,2,2023,N,
5/29/2023,22,Monday,May,2,2023,N,
5/30/2023,22,Tuesday,May,2,2023,N,
5/31/2023,22,Wednesday,May,2,2023,N,
6/1/2023,22,Thursday,June,2,2023,N,
6/2/2023,22,Friday,June,2,2023,Y,Vesak Day
6/3/2023,22,Saturday,June,2,2023,N,
6/4/2023,22,Sunday,June,2,2023,N,
6/5/2023,23,Monday,June,2,2023,N,
6/6/2023,23,Tuesday,June,2,2023,N,
6/7/2023,23,Wednesday,June,2,2023,N,
6/8/2023,23,Thursday,June,2,2023,N,
6/9/2023,23,Friday,June,2,2023,N,
6/10/2023,23,Saturday,June,2,2023,N,
6/11/2023,23,Sunday,June,2,2023,N,
6/12/2023,24,Monday,June,2,2023,N,
6/13/2023,24,Tuesday,June,2,2023,N,
6/14/2023,24,Wednesday,June,2,2023,N,
6/15/2023,24,Thursday,June,2,2023,N,
6/16/2023,24,Friday,June,2,2023,N,
6/17/2023,24,Saturday,June,2,2023,N,
6/18/2023,24,Sunday,June,2,2023,N,
6/19/2023,25,Monday,June,2,2023,N,
6/20/2023,25,Tuesday,June,2,2023,N,
6/21/2023,25,Wednesday,June,2,2023,N,
6/22/2023,25,Thursday,June,2,2023,N,
6/23/2023,25,Friday,June,2,2023,N,
6/24/2023,25,Saturday,June,2,2023,N,
6/25/2023,25,Sunday,June,2,2023,N,
6/26/2023,26,Monday,June,2,2023,N,
6/27/2023,26,Tuesday,June,2,2023,N,
6/28/2023,26,Wednesday,June,2,2023,N,
6/29/2023,26,Thursday,June,2,2023,Y,Hari Raya Haji
6/30/2023,26,Friday,June,2,2023,N,
7/1/2023,26,Saturday,July,3,2023,N,
7/2/2023,26,Sunday,July,3,2023,N,
7/3/2023,27,Monday,July,3,2023,N,
7/4/2023,27,Tuesday,July,3,2023,N,
7/5/2023,27,Wednesday,July,3,2023,N,
7/6/2023,27,Thursday,July,3,2023,N,
7/7/2023,27,Friday,July,3,2023,N,
7/8/2023,27,Saturday,July,3,2023,N,
7/9/2023,27,Sunday,July,3,2023,N,
7/10/2023,28,Monday,July,3,2023,N,
7/11/2023,28,Tuesday,July,3,2023,N,
7/12/2023,28,Wednesday,July,3,2023,N,
7/13/2023,28,Thursday,July,3,2023,N,
7/14/2023,28,Friday,July,3,2023,N,
7/15/2023,28,Saturday,July,3,2023,N,
7/16/2023,28,Sunday,July,3,2023,N,
7/17/2023,29,Monday,July,3,2023,N,
7/18/2023,29,Tuesday,July,3,2023,N,
7/19/2023,29,Wednesday,July,3,2023,N,
7/20/2023,29,Thursday,July,3,2023,N,
7/21/2023,29,Friday,July,3,2023,N,
7/22/2023,29,Saturday,July,3,2023,N,
7/23/2023,29,Sunday,July,3,2023,N,
7/24/2023,30,Monday,July,3,2023,N,
7/25/2023,30,Tuesday,July,3,2023,N,
7/26/2023,30,Wednesday,July,3,2023,N,
7/27/2023,30,Thursday,July,3,2023,N,
7/28/2023,30,Friday,July,3,2023,N,
7/29/2023,30,Saturday,July,3,2023,N,
7/30/2023,30,Sunday,July,3,2023,N,
7/31/2023,31,Monday,July,3,2023,N,
8/1/2023,31,Tuesday,August,3,2023,N,
8/2/2023,31,Wednesday,August,3,2023,N,
8/3/2023,31,Thursday,August,3,2023,N,
8/4/2023,31,Friday,August,3,2023,N,
8/5/2023,31,Saturday,August,3,2023,N,
8/6/2023,31,Sunday,August,3,2023,N,
8/7/2023,32,Monday,August,3,2023,N,
8/8/2023,32,Tuesday,August,3,2023,N,
8/9/2023,32,Wednesday,August,3,2023,Y,National Day
8/10/2023,32,Thursday,August,3,2023,N,
8/11/2023,32,Friday,August,3,2023,N,
8/12/2023,32,Saturday,August,3,2023,N,
8/13/2023,32,Sunday,August,3,2023,N,
8/14/2023,33,Monday,August,3,2023,N,
8/15/2023,33,Tuesday,August,3,2023,N,
8/16/2023,33,Wednesday,August,3,2023,N,
8/17/2023,33,Thursday,August,3,2023,N,
8/18/2023,33,Friday,August,3,2023,N,
8/19/2023,33,Saturday,August,3,2023,N,
8/20/2023,33,Sunday,August,3,2023,N,
8/21/2023,34,Monday,August,3,2023,N,
8/22/2023,34,Tuesday,August,3,2023,N,
8/23/2023,34,Wednesday,August,3,2023,N,
8/24/2023,34,Thursday,August,3,2023,N,
8/25/2023,34,Friday,August,3,2023,N,
8/26/2023,34,Saturday,August,3,2023,N,
8/27/2023,34,Sunday,August,3,2023,N,
8/28/2023,35,Monday,August,3,2023,N,
8/29/2023,35,Tuesday,August,3,2023,N,
8/30/2023,35,Wednesday,August,3,2023,N,
8/31/2023,35,Thursday,August,3,2023,N,
9/1/2023,35,Friday,September,3,2023,Y,
9/2/2023,35,Saturday,September,3,2023,N,
9/3/2023,35,Sunday,September,3,2023,N,
9/4/2023,36,Monday,September,3,2023,N,
9/5/2023,36,Tuesday,September,3,2023,N,
9/6/2023,36,Wednesday,September,3,2023,N,
9/7/2023,36,Thursday,September,3,2023,N,
9/8/2023,36,Friday,September,3,2023,N,
9/9/2023,36,Saturday,September,3,2023,N,
9/10/2023,36,Sunday,September,3,2023,N,
9/11/2023,37,Monday,September,3,2023,N,
9/12/2023,37,Tuesday,September,3,2023,N,
9/13/2023,37,Wednesday,September,3,2023,N,
9/14/2023,37,Thursday,September,3,2023,N,
9/15/2023,37,Friday,September,3,2023,N,
9/16/2023,37,Saturday,September,3,2023,N,
9/17/2023,37,Sunday,September,3,2023,N,
9/18/2023,38,Monday,September,3,2023,N,
9/19/2023,38,Tuesday,September,3,2023,N,
9/20/2023,38,Wednesday,September,3,2023,N,
9/21/2023,38,Thursday,September,3,2023,N,
9/22/2023,38,Friday,September,3,2023,N,
9/23/2023,38,Saturday,September,3,2023,N,
9/24/2023,38,Sunday,September,3,2023,N,
9/25/2023,39,Monday,September,3,2023,N,
9/26/2023,39,Tuesday,September,3,2023,N,
9/27/2023,39,Wednesday,September,3,2023,N,
9/28/2023,39,Thursday,September,3,2023,N,
9/29/2023,39,Friday,September,3,2023,N,
9/30/2023,39,Saturday,September,3,2023,N,
10/1/2023,39,Sunday,October,4,2023,N,
10/2/2023,40,Monday,October,4,2023,N,
10/3/2023,40,Tuesday,October,4,2023,N,
10/4/2023,40,Wednesday,October,4,2023,N,
10/5/2023,40,Thursday,October,4,2023,N,
10/6/2023,40,Friday,October,4,2023,N,
10/7/2023,40,Saturday,October,4,2023,N,
10/8/2023,40,Sunday,October,4,2023,N,
10/9/2023,41,Monday,October,4,2023,N,
10/10/2023,41,Tuesday,October,4,2023,N,
10/11/2023,41,Wednesday,October,4,2023,N,
10/12/2023,41,Thursday,October,4,2023,N,
10/13/2023,41,Friday,October,4,2023,N,
10/14/2023,41,Saturday,October,4,2023,N,
10/15/2023,41,Sunday,October,4,2023,N,
10/16/2023,42,Monday,October,4,2023,N,
10/17/2023,42,Tuesday,October,4,2023,N,
10/18/2023,42,Wednesday,October,4,2023,N,
10/19/2023,42,Thursday,October,4,2023,N,
10/20/2023,42,Friday,October,4,2023,N,
10/21/2023,42,Saturday,October,4,2023,N,
10/22/2023,42,Sunday,October,4,2023,N,
10/23/2023,43,Monday,October,4,2023,N,
10/24/2023,43,Tuesday,October,4,2023,N,
10/25/2023,43,Wednesday,October,4,2023,N,
10/26/2023,43,Thursday,October,4,2023,N,
10/27/2023,43,Friday,October,4,2023,N,
10/28/2023,43,Saturday,October,4,2023,N,
10/29/2023,43,Sunday,October,4,2023,N,
10/30/2023,44,Monday,October,4,2023,N,
10/31/2023,44,Tuesday,October,4,2023,N,
11/1/2023,44,Wednesday,November,4,2023,N,
11/2/2023,44,Thursday,November,4,2023,N,
11/3/2023,44,Friday,November,4,2023,N,
11/4/2023,44,Saturday,November,4,2023,N,
11/5/2023,44,Sunday,November,4,2023,N,
11/6/2023,45,Monday,November,4,2023,N,
11/7/2023,45,Tuesday,November,4,2023,N,
11/8/2023,45,Wednesday,November,4,2023,N,
11/9/2023,45,Thursday,November,4,2023,N,
11/10/2023,45,Friday,November,4,2023,N,
11/11/2023,45,Saturday,November,4,2023,N,
11/12/2023,45,Sunday,November,4,2023,Y,Deepavali
11/13/2023,46,Monday,November,4,2023,Y,
11/14/2023,46,Tuesday,November,4,2023,N,
11/15/2023,46,Wednesday,November,4,2023,N,
11/16/2023,46,Thursday,November,4,2023,N,
11/17/2023,46,Friday,November,4,2023,N,
11/18/2023,46,Saturday,November,4,2023,N,
11/19/2023,46,Sunday,November,4,2023,N,
11/20/2023,47,Monday,November,4,2023,N,
11/21/2023,47,Tuesday,November,4,2023,N,
11/22/2023,47,Wednesday,November,4,2023,N,
11/23/2023,47,Thursday,November,4,2023,N,
11/24/2023,47,Friday,November,4,2023,N,
11/25/2023,47,Saturday,November,4,2023,N,
11/26/2023,47,Sunday,November,4,2023,N,
11/27/2023,48,Monday,November,4,2023,N,
11/28/2023,48,Tuesday,November,4,2023,N,
11/29/2023,48,Wednesday,November,4,2023,N,
11/30/2023,48,Thursday,November,4,2023,N,
12/1/2023,48,Friday,December,4,2023,N,
12/2/2023,48,Saturday,December,4,2023,N,
12/3/2023,48,Sunday,December,4,2023,N,
12/4/2023,49,Monday,December,4,2023,N,
12/5/2023,49,Tuesday,December,4,2023,N,
12/6/2023,49,Wednesday,December,4,2023,N,
12/7/2023,49,Thursday,December,4,2023,N,
12/8/2023,49,Friday,December,4,2023,N,
12/9/2023,49,Saturday,December,4,2023,N,
12/10/2023,49,Sunday,December,4,2023,N,
12/11/2023,50,Monday,December,4,2023,N,
12/12/2023,50,Tuesday,December,4,2023,N,
12/13/2023,50,Wednesday,December,4,2023,N,
12/14/2023,50,Thursday,December,4,2023,N,
12/15/2023,50,Friday,December,4,2023,N,
12/16/2023,50,Saturday,December,4,2023,N,
12/17/2023,50,Sunday,December,4,2023,N,
12/18/2023,51,Monday,December,4,2023,N,
12/19/2023,51,Tuesday,December,4,2023,N,
12/20/2023,51,Wednesday,December,4,2023,N,
12/21/2023,51,Thursday,December,4,2023,N,
12/22/2023,51,Friday,December,4,2023,N,
12/23/2023,51,Saturday,December,4,2023,N,
12/24/2023,51,Sunday,December,4,2023,N,
12/25/2023,52,Monday,December,4,2023,Y,Christmas Day
12/26/2023,52,Tuesday,December,4,2023,N,
12/27/2023,52,Wednesday,December,4,2023,N,
12/28/2023,52,Thursday,December,4,2023,N,
12/29/2023,52,Friday,December,4,2023,N,
12/30/2023,52,Saturday,December,4,2023,N,
12/31/2023,52,Sunday,December,4,2023,N,
1/1/2024,1,Monday,January,1,2024,Y,New Year's Day
1/2/2024,1,Tuesday,January,1,2024,N,
1/3/2024,1,Wednesday,January,1,2024,N,
1/4/2024,1,Thursday,January,1,2024,N,
1/5/2024,1,Friday,January,1,2024,N,
1/6/2024,1,Saturday,January,1,2024,N,
1/7/2024,1,Sunday,January,1,2024,N,
1/8/2024,2,Monday,January,1,2024,N,
1/9/2024,2,Tuesday,January,1,2024,N,
1/10/2024,2,Wednesday,January,1,2024,N,
1/11/2024,2,Thursday,January,1,2024,N,
1/12/2024,2,Friday,January,1,2024,N,
1/13/2024,2,Saturday,January,1,2024,N,
1/14/2024,2,Sunday,January,1,2024,N,
1/15/2024,3,Monday,January,1,2024,N,
1/16/2024,3,Tuesday,January,1,2024,N,
1/17/2024,3,Wednesday,January,1,2024,N,
1/18/2024,3,Thursday,January,1,2024,N,
1/19/2024,3,Friday,January,1,2024,N,
1/20/2024,3,Saturday,January,1,2024,N,
1/21/2024,3,Sunday,January,1,2024,N,
1/22/2024,4,Monday,January,1,2024,N,
1/23/2024,4,Tuesday,January,1,2024,N,
1/24/2024,4,Wednesday,January,1,2024,N,
1/25/2024,4,Thursday,January,1,2024,N,
1/26/2024,4,Friday,January,1,2024,N,
1/27/2024,4,Saturday,January,1,2024,N,
1/28/2024,4,Sunday,January,1,2024,N,
1/29/2024,5,Monday,January,1,2024,N,
1/30/2024,5,Tuesday,January,1,2024,N,
1/31/2024,5,Wednesday,January,1,2024,N,
2/1/2024,5,Thursday,February,1,2024,N,
2/2/2024,5,Friday,February,1,2024,N,
2/3/2024,5,Saturday,February,1,2024,N,
2/4/2024,5,Sunday,February,1,2024,N,
2/5/2024,6,Monday,February,1,2024,N,
2/6/2024,6,Tuesday,February,1,2024,N,
2/7/2024,6,Wednesday,February,1,2024,N,
2/8/2024,6,Thursday,February,1,2024,N,
2/9/2024,6,Friday,February,1,2024,N,
2/10/2024,6,Saturday,February,1,2024,Y,Chinese New Year
2/11/2024,6,Sunday,February,1,2024,Y,Chinese New Year
2/12/2024,7,Monday,February,1,2024,Y,Chinese New Year
2/13/2024,7,Tuesday,February,1,2024,N,
2/14/2024,7,Wednesday,February,1,2024,N,
2/15/2024,7,Thursday,February,1,2024,N,
2/16/2024,7,Friday,February,1,2024,N,
2/17/2024,7,Saturday,February,1,2024,N,
2/18/2024,7,Sunday,February,1,2024,N,
2/19/2024,8,Monday,February,1,2024,N,
2/20/2024,8,Tuesday,February,1,2024,N,
2/21/2024,8,Wednesday,February,1,2024,N,
2/22/2024,8,Thursday,February,1,2024,N,
2/23/2024,8,Friday,February,1,2024,N,
2/24/2024,8,Saturday,February,1,2024,N,
2/25/2024,8,Sunday,February,1,2024,N,
2/26/2024,9,Monday,February,1,2024,N,
2/27/2024,9,Tuesday,February,1,2024,N,
2/28/2024,9,Wednesday,February,1,2024,N,
2/29/2024,9,Thursday,February,1,2024,N,
3/1/2024,9,Friday,March,1,2024,N,
3/2/2024,9,Saturday,March,1,2024,N,
3/3/2024,9,Sunday,March,1,2024,N,
3/4/2024,10,Monday,March,1,2024,N,
3/5/2024,10,Tuesday,March,1,2024,N,
3/6/2024,10,Wednesday,March,1,2024,N,
3/7/2024,10,Thursday,March,1,2024,N,
3/8/2024,10,Friday,March,1,2024,N,
3/9/2024,10,Saturday,March,1,2024,N,
3/10/2024,10,Sunday,March,1,2024,N,
3/11/2024,11,Monday,March,1,2024,N,
3/12/2024,11,Tuesday,March,1,2024,N,
3/13/2024,11,Wednesday,March,1,2024,N,
3/14/2024,11,Thursday,March,1,2024,N,
3/15/2024,11,Friday,March,1,2024,N,
3/16/2024,11,Saturday,March,1,2024,N,
3/17/2024,11,Sunday,March,1,2024,N,
3/18/2024,12,Monday,March,1,2024,N,
3/19/2024,12,Tuesday,March,1,2024,N,
3/20/2024,12,Wednesday,March,1,2024,N,
3/21/2024,12,Thursday,March,1,2024,N,
3/22/2024,12,Friday,March,1,2024,N,
3/23/2024,12,Saturday,March,1,2024,N,
3/24/2024,12,Sunday,March,1,2024,N,
3/25/2024,13,Monday,March,1,2024,N,
3/26/2024,13,Tuesday,March,1,2024,N,
3/27/2024,13,Wednesday,March,1,2024,N,
3/28/2024,13,Thursday,March,1,2024,N,
3/29/2024,13,Friday,March,1,2024,Y,Good Friday
3/30/2024,13,Saturday,March,1,2024,N,
3/31/2024,13,Sunday,March,1,2024,N,
4/1/2024,14,Monday,April,2,2024,N,
4/2/2024,14,Tuesday,April,2,2024,N,
4/3/2024,14,Wednesday,April,2,2024,N,
4/4/2024,14,Thursday,April,2,2024,N,
4/5/2024,14,Friday,April,2,2024,N,
4/6/2024,14,Saturday,April,2,2024,N,
4/7/2024,14,Sunday,April,2,2024,N,
4/8/2024,15,Monday,April,2,2024,N,
4/9/2024,15,Tuesday,April,2,2024,N,
4/10/2024,15,Wednesday,April,2,2024,Y,Hari Raya Puasa
4/11/2024,15,Thursday,April,2,2024,N,
4/12/2024,15,Friday,April,2,2024,N,
4/13/2024,15,Saturday,April,2,2024,N,
4/14/2024,15,Sunday,April,2,2024,N,
4/15/2024,16,Monday,April,2,2024,N,
4/16/2024,16,Tuesday,April,2,2024,N,
4/17/2024,16,Wednesday,April,2,2024,N,
4/18/2024,16,Thursday,April,2,2024,N,
4/19/2024,16,Friday,April,2,2024,N,
4/20/2024,16,Saturday,April,2,2024,N,
4/21/2024,16,Sunday,April,2,2024,N,
4/22/2024,17,Monday,April,2,2024,N,
4/23/2024,17,Tuesday,April,2,2024,N,
4/24/2024,17,Wednesday,April,2,2024,N,
4/25/2024,17,Thursday,April,2,2024,N,
4/26/2024,17,Friday,April,2,2024,N,
4/27/2024,17,Saturday,April,2,2024,N,
4/28/2024,17,Sunday,April,2,2024,N,
4/29/2024,18,Monday,April,2,2024,N,
4/30/2024,18,Tuesday,April,2,2024,N,
5/1/2024,18,Wednesday,May,2,2024,Y,Labor Day
5/2/2024,18,Thursday,May,2,2024,N,
5/3/2024,18,Friday,May,2,2024,N,
5/4/2024,18,Saturday,May,2,2024,N,
5/5/2024,18,Sunday,May,2,2024,N,
5/6/2024,19,Monday,May,2,2024,N,
5/7/2024,19,Tuesday,May,2,2024,N,
5/8/2024,19,Wednesday,May,2,2024,N,
5/9/2024,19,Thursday,May,2,2024,N,
5/10/2024,19,Friday,May,2,2024,N,
5/11/2024,19,Saturday,May,2,2024,N,
5/12/2024,19,Sunday,May,2,2024,N,
5/13/2024,20,Monday,May,2,2024,N,
5/14/2024,20,Tuesday,May,2,2024,N,
5/15/2024,20,Wednesday,May,2,2024,N,
5/16/2024,20,Thursday,May,2,2024,N,
5/17/2024,20,Friday,May,2,2024,N,
5/18/2024,20,Saturday,May,2,2024,N,
5/19/2024,20,Sunday,May,2,2024,N,
5/20/2024,21,Monday,May,2,2024,N,
5/21/2024,21,Tuesday,May,2,2024,N,
5/22/2024,21,Wednesday,May,2,2024,Y,Vesak Day
5/23/2024,21,Thursday,May,2,2024,N,
5/24/2024,21,Friday,May,2,2024,N,
5/25/2024,21,Saturday,May,2,2024,N,
5/26/2024,21,Sunday,May,2,2024,N,
5/27/2024,22,Monday,May,2,2024,N,
5/28/2024,22,Tuesday,May,2,2024,N,
5/29/2024,22,Wednesday,May,2,2024,N,
5/30/2024,22,Thursday,May,2,2024,N,
5/31/2024,22,Friday,May,2,2024,N,
6/1/2024,22,Saturday,June,2,2024,N,
6/2/2024,22,Sunday,June,2,2024,N,
6/3/2024,23,Monday,June,2,2024,N,
6/4/2024,23,Tuesday,June,2,2024,N,
6/5/2024,23,Wednesday,June,2,2024,N,
6/6/2024,23,Thursday,June,2,2024,N,
6/7/2024,23,Friday,June,2,2024,N,
6/8/2024,23,Saturday,June,2,2024,N,
6/9/2024,23,Sunday,June,2,2024,N,
6/10/2024,24,Monday,June,2,2024,N,
6/11/2024,24,Tuesday,June,2,2024,N,
6/12/2024,24,Wednesday,June,2,2024,N,
6/13/2024,24,Thursday,June,2,2024,N,
6/14/2024,24,Friday,June,2,2024,N,
6/15/2024,24,Saturday,June,2,2024,N,
6/16/2024,24,Sunday,June,2,2024,N,
6/17/2024,25,Monday,June,2,2024,Y,Hari Raya Haji
6/18/2024,25,Tuesday,June,2,2024,N,
6/19/2024,25,Wednesday,June,2,2024,N,
6/20/2024,25,Thursday,June,2,2024,N,
6/21/2024,25,Friday,June,2,2024,N,
6/22/2024,25,Saturday,June,2,2024,N,
6/23/2024,25,Sunday,June,2,2024,N,
6/24/2024,26,Monday,June,2,2024,N,
6/25/2024,26,Tuesday,June,2,2024,N,
6/26/2024,26,Wednesday,June,2,2024,N,
6/27/2024,26,Thursday,June,2,2024,N,
6/28/2024,26,Friday,June,2,2024,N,
6/29/2024,26,Saturday,June,2,2024,N,
6/30/2024,26,Sunday,June,2,2024,N,
7/1/2024,27,Monday,July,3,2024,N,
7/2/2024,27,Tuesday,July,3,2024,N,
7/3/2024,27,Wednesday,July,3,2024,N,
7/4/2024,27,Thursday,July,3,2024,N,
7/5/2024,27,Friday,July,3,2024,N,
7/6/2024,27,Saturday,July,3,2024,N,
7/7/2024,27,Sunday,July,3,2024,N,
7/8/2024,28,Monday,July,3,2024,N,
7/9/2024,28,Tuesday,July,3,2024,N,
7/10/2024,28,Wednesday,July,3,2024,N,
7/11/2024,28,Thursday,July,3,2024,N,
7/12/2024,28,Friday,July,3,2024,N,
7/13/2024,28,Saturday,July,3,2024,N,
7/14/2024,28,Sunday,July,3,2024,N,
7/15/2024,29,Monday,July,3,2024,N,
7/16/2024,29,Tuesday,July,3,2024,N,
7/17/2024,29,Wednesday,July,3,2024,N,
7/18/2024,29,Thursday,July,3,2024,N,
7/19/2024,29,Friday,July,3,2024,N,
7/20/2024,29,Saturday,July,3,2024,N,
7/21/2024,29,Sunday,July,3,2024,N,
7/22/2024,30,Monday,July,3,2024,N,
7/23/2024,30,Tuesday,July,3,2024,N,
7/24/2024,30,Wednesday,July,3,2024,N,
7/25/2024,30,Thursday,July,3,2024,N,
7/26/2024,30,Friday,July,3,2024,N,
7/27/2024,30,Saturday,July,3,2024,N,
7/28/2024,30,Sunday,July,3,2024,N,
7/29/2024,31,Monday,July,3,2024,N,
7/30/2024,31,Tuesday,July,3,2024,N,
7/31/2024,31,Wednesday,July,3,2024,N,
8/1/2024,31,Thursday,August,3,2024,N,
8/2/2024,31,Friday,August,3,2024,N,
8/3/2024,31,Saturday,August,3,2024,N,
8/4/2024,31,Sunday,August,3,2024,N,
8/5/2024,32,Monday,August,3,2024,N,
8/6/2024,32,Tuesday,August,3,2024,N,
8/7/2024,32,Wednesday,August,3,2024,N,
8/8/2024,32,Thursday,August,3,2024,N,
8/9/2024,32,Friday,August,3,2024,Y,National Day
8/10/2024,32,Saturday,August,3,2024,N,
8/11/2024,32,Sunday,August,3,2024,N,
8/12/2024,33,Monday,August,3,2024,N,
8/13/2024,33,Tuesday,August,3,2024,N,
8/14/2024,33,Wednesday,August,3,2024,N,
8/15/2024,33,Thursday,August,3,2024,N,
8/16/2024,33,Friday,August,3,2024,N,
8/17/2024,33,Saturday,August,3,2024,N,
8/18/2024,33,Sunday,August,3,2024,N,
8/19/2024,34,Monday,August,3,2024,N,
8/20/2024,34,Tuesday,August,3,2024,N,
8/21/2024,34,Wednesday,August,3,2024,N,
8/22/2024,34,Thursday,August,3,2024,N,
8/23/2024,34,Friday,August,3,2024,N,
8/24/2024,34,Saturday,August,3,2024,N,
8/25/2024,34,Sunday,August,3,2024,N,
8/26/2024,35,Monday,August,3,2024,N,
8/27/2024,35,Tuesday,August,3,2024,N,
8/28/2024,35,Wednesday,August,3,2024,N,
8/29/2024,35,Thursday,August,3,2024,N,
8/30/2024,35,Friday,August,3,2024,N,
8/31/2024,35,Saturday,August,3,2024,N,
9/1/2024,35,Sunday,September,3,2024,N,
9/2/2024,36,Monday,September,3,2024,N,
9/3/2024,36,Tuesday,September,3,2024,N,
9/4/2024,36,Wednesday,September,3,2024,N,
9/5/2024,36,Thursday,September,3,2024,N,
9/6/2024,36,Friday,September,3,2024,N,
9/7/2024,36,Saturday,September,3,2024,N,
9/8/2024,36,Sunday,September,3,2024,N,
9/9/2024,37,Monday,September,3,2024,N,
9/10/2024,37,Tuesday,September,3,2024,N,
9/11/2024,37,Wednesday,September,3,2024,N,
9/12/2024,37,Thursday,September,3,2024,N,
9/13/2024,37,Friday,September,3,2024,N,
9/14/2024,37,Saturday,September,3,2024,N,
9/15/2024,37,Sunday,September,3,2024,N,
9/16/2024,38,Monday,September,3,2024,N,
9/17/2024,38,Tuesday,September,3,2024,N,
9/18/2024,38,Wednesday,September,3,2024,N,
9/19/2024,38,Thursday,September,3,2024,N,
9/20/2024,38,Friday,September,3,2024,N,
9/21/2024,38,Saturday,September,3,2024,N,
9/22/2024,38,Sunday,September,3,2024,N,
9/23/2024,39,Monday,September,3,2024,N,
9/24/2024,39,Tuesday,September,3,2024,N,
9/25/2024,39,Wednesday,September,3,2024,N,
9/26/2024,39,Thursday,September,3,2024,N,
9/27/2024,39,Friday,September,3,2024,N,
9/28/2024,39,Saturday,September,3,2024,N,
9/29/2024,39,Sunday,September,3,2024,N,
9/30/2024,40,Monday,September,3,2024,N,
10/1/2024,40,Tuesday,October,4,2024,N,
10/2/2024,40,Wednesday,October,4,2024,N,
10/3/2024,40,Thursday,October,4,2024,N,
10/4/2024,40,Friday,October,4,2024,N,
10/5/2024,40,Saturday,October,4,2024,N,
10/6/2024,40,Sunday,October,4,2024,N,
10/7/2024,41,Monday,October,4,2024,N,
10/8/2024,41,Tuesday,October,4,2024,N,
10/9/2024,41,Wednesday,October,4,2024,N,
10/10/2024,41,Thursday,October,4,2024,N,
10/11/2024,41,Friday,October,4,2024,N,
10/12/2024,41,Saturday,October,4,2024,N,
10/13/2024,41,Sunday,October,4,2024,N,
10/14/2024,42,Monday,October,4,2024,N,
10/15/2024,42,Tuesday,October,4,2024,N,
10/16/2024,42,Wednesday,October,4,2024,N,
10/17/2024,42,Thursday,October,4,2024,N,
10/18/2024,42,Friday,October,4,2024,N,
10/19/2024,42,Saturday,October,4,2024,N,
10/20/2024,42,Sunday,October,4,2024,N,
10/21/2024,43,Monday,October,4,2024,N,
10/22/2024,43,Tuesday,October,4,2024,N,
10/23/2024,43,Wednesday,October,4,2024,N,
10/24/2024,43,Thursday,October,4,2024,N,
10/25/2024,43,Friday,October,4,2024,N,
10/26/2024,43,Saturday,October,4,2024,N,
10/27/2024,43,Sunday,October,4,2024,N,
10/28/2024,44,Monday,October,4,2024,N,
10/29/2024,44,Tuesday,October,4,2024,N,
10/30/2024,44,Wednesday,October,4,2024,N,
10/31/2024,44,Thursday,October,4,2024,Y,Deepavali
11/1/2024,44,Friday,November,4,2024,N,
11/2/2024,44,Saturday,November,4,2024,N,
11/3/2024,44,Sunday,November,4,2024,N,
11/4/2024,45,Monday,November,4,2024,N,
11/5/2024,45,Tuesday,November,4,2024,N,
11/6/2024,45,Wednesday,November,4,2024,N,
11/7/2024,45,Thursday,November,4,2024,N,
11/8/2024,45,Friday,November,4,2024,N,
11/9/2024,45,Saturday,November,4,2024,N,
11/10/2024,45,Sunday,November,4,2024,N,
11/11/2024,46,Monday,November,4,2024,N,
11/12/2024,46,Tuesday,November,4,2024,N,
11/13/2024,46,Wednesday,November,4,2024,N,
11/14/2024,46,Thursday,November,4,2024,N,
11/15/2024,46,Friday,November,4,2024,N,
11/16/2024,46,Saturday,November,4,2024,N,
11/17/2024,46,Sunday,November,4,2024,N,
11/18/2024,47,Monday,November,4,2024,N,
11/19/2024,47,Tuesday,November,4,2024,N,
11/20/2024,47,Wednesday,November,4,2024,N,
11/21/2024,47,Thursday,November,4,2024,N,
11/22/2024,47,Friday,November,4,2024,N,
11/23/2024,47,Saturday,November,4,2024,N,
11/24/2024,47,Sunday,November,4,2024,N,
11/25/2024,48,Monday,November,4,2024,N,
11/26/2024,48,Tuesday,November,4,2024,N,
11/27/2024,48,Wednesday,November,4,2024,N,
11/28/2024,48,Thursday,November,4,2024,N,
11/29/2024,48,Friday,November,4,2024,N,
11/30/2024,48,Saturday,November,4,2024,N,
12/1/2024,48,Sunday,December,4,2024,N,
12/2/2024,49,Monday,December,4,2024,N,
12/3/2024,49,Tuesday,December,4,2024,N,
12/4/2024,49,Wednesday,December,4,2024,N,
12/5/2024,49,Thursday,December,4,2024,N,
12/6/2024,49,Friday,December,4,2024,N,
12/7/2024,49,Saturday,December,4,2024,N,
12/8/2024,49,Sunday,December,4,2024,N,
12/9/2024,50,Monday,December,4,2024,N,
12/10/2024,50,Tuesday,December,4,2024,N,
12/11/2024,50,Wednesday,December,4,2024,N,
12/12/2024,50,Thursday,December,4,2024,N,
12/13/2024,50,Friday,December,4,2024,N,
12/14/2024,50,Saturday,December,4,2024,N,
12/15/2024,50,Sunday,December,4,2024,N,
12/16/2024,51,Monday,December,4,2024,N,
12/17/2024,51,Tuesday,December,4,2024,N,
12/18/2024,51,Wednesday,December,4,2024,N,
12/19/2024,51,Thursday,December,4,2024,N,
12/20/2024,51,Friday,December,4,2024,N,
12/21/2024,51,Saturday,December,4,2024,N,
12/22/2024,51,Sunday,December,4,2024,N,
12/23/2024,52,Monday,December,4,2024,N,
12/24/2024,52,Tuesday,December,4,2024,N,
12/25/2024,52,Wednesday,December,4,2024,Y,Christmas Day
12/26/2024,52,Thursday,December,4,2024,N,
12/27/2024,52,Friday,December,4,2024,N,
12/28/2024,52,Saturday,December,4,2024,N,
12/29/2024,52,Sunday,December,4,2024,N,
12/30/2024,1,Monday,December,4,2024,N,
12/31/2024,1,Tuesday,December,4,2024,N,
1/1/2025,1,Wednesday,January,1,2025,Y,New Year's Day
1/2/2025,1,Thursday,January,1,2025,N,
1/3/2025,1,Friday,January,1,2025,N,
1/4/2025,1,Saturday,January,1,2025,N,
1/5/2025,1,Sunday,January,1,2025,N,
1/6/2025,2,Monday,January,1,2025,N,
1/7/2025,2,Tuesday,January,1,2025,N,
1/8/2025,2,Wednesday,January,1,2025,N,
1/9/2025,2,Thursday,January,1,2025,N,
1/10/2025,2,Friday,January,1,2025,N,
1/11/2025,2,Saturday,January,1,2025,N,
1/12/2025,2,Sunday,January,1,2025,N,
1/13/2025,3,Monday,January,1,2025,N,
1/14/2025,3,Tuesday,January,1,2025,N,
1/15/2025,3,Wednesday,January,1,2025,N,
1/16/2025,3,Thursday,January,1,2025,N,
1/17/2025,3,Friday,January,1,2025,N,
1/18/2025,3,Saturday,January,1,2025,N,
1/19/2025,3,Sunday,January,1,2025,N,
1/20/2025,4,Monday,January,1,2025,N,
1/21/2025,4,Tuesday,January,1,2025,N,
1/22/2025,4,Wednesday,January,1,2025,N,
1/23/2025,4,Thursday,January,1,2025,N,
1/24/2025,4,Friday,January,1,2025,N,
1/25/2025,4,Saturday,January,1,2025,N,
1/26/2025,4,Sunday,January,1,2025,N,
1/27/2025,5,Monday,January,1,2025,N,
1/28/2025,5,Tuesday,January,1,2025,N,
1/29/2025,5,Wednesday,January,1,2025,Y,Chinese New Year
1/30/2025,5,Thursday,January,1,2025,Y,Chinese New Year
1/31/2025,5,Friday,January,1,2025,N,
2/1/2025,5,Saturday,February,1,2025,N,
2/2/2025,5,Sunday,February,1,2025,N,
2/3/2025,6,Monday,February,1,2025,N,
2/4/2025,6,Tuesday,February,1,2025,N,
2/5/2025,6,Wednesday,February,1,2025,N,
2/6/2025,6,Thursday,February,1,2025,N,
2/7/2025,6,Friday,February,1,2025,N,
2/8/2025,6,Saturday,February,1,2025,N,
2/9/2025,6,Sunday,February,1,2025,N,
2/10/2025,7,Monday,February,1,2025,N,
2/11/2025,7,Tuesday,February,1,2025,N,
2/12/2025,7,Wednesday,February,1,2025,N,
2/13/2025,7,Thursday,February,1,2025,N,
2/14/2025,7,Friday,February,1,2025,N,
2/15/2025,7,Saturday,February,1,2025,N,
2/16/2025,7,Sunday,February,1,2025,N,
2/17/2025,8,Monday,February,1,2025,N,
2/18/2025,8,Tuesday,February,1,2025,N,
2/19/2025,8,Wednesday,February,1,2025,N,
2/20/2025,8,Thursday,February,1,2025,N,
2/21/2025,8,Friday,February,1,2025,N,
2/22/2025,8,Saturday,February,1,2025,N,
2/23/2025,8,Sunday,February,1,2025,N,
2/24/2025,9,Monday,February,1,2025,N,
2/25/2025,9,Tuesday,February,1,2025,N,
2/26/2025,9,Wednesday,February,1,2025,N,
2/27/2025,9,Thursday,February,1,2025,N,
2/28/2025,9,Friday,February,1,2025,N,
3/1/2025,9,Saturday,March,1,2025,N,
3/2/2025,9,Sunday,March,1,2025,N,
3/3/2025,10,Monday,March,1,2025,N,
3/4/2025,10,Tuesday,March,1,2025,N,
3/5/2025,10,Wednesday,March,1,2025,N,
3/6/2025,10,Thursday,March,1,2025,N,
3/7/2025,10,Friday,March,1,2025,N,
3/8/2025,10,Saturday,March,1,2025,N,
3/9/2025,10,Sunday,March,1,2025,N,
3/10/2025,11,Monday,March,1,2025,N,
3/11/2025,11,Tuesday,March,1,2025,N,
3/12/2025,11,Wednesday,March,1,2025,N,
3/13/2025,11,Thursday,March,1,2025,N,
3/14/2025,11,Friday,March,1,2025,N,
3/15/2025,11,Saturday,March,1,2025,N,
3/16/2025,11,Sunday,March,1,2025,N,
3/17/2025,12,Monday,March,1,2025,N,
3/18/2025,12,Tuesday,March,1,2025,N,
3/19/2025,12,Wednesday,March,1,2025,N,
3/20/2025,12,Thursday,March,1,2025,N,
3/21/2025,12,Friday,March,1,2025,N,
3/22/2025,12,Saturday,March,1,2025,N,
3/23/2025,12,Sunday,March,1,2025,N,
3/24/2025,13,Monday,March,1,2025,N,
3/25/2025,13,Tuesday,March,1,2025,N,
3/26/2025,13,Wednesday,March,1,2025,N,
3/27/2025,13,Thursday,March,1,2025,N,
3/28/2025,13,Friday,March,1,2025,N,
3/29/2025,13,Saturday,March,1,2025,N,
3/30/2025,13,Sunday,March,1,2025,N,
3/31/2025,14,Monday,March,1,2025,Y,Hari Raya Puasa
4/1/2025,14,Tuesday,April,2,2025,N,
4/2/2025,14,Wednesday,April,2,2025,N,
4/3/2025,14,Thursday,April,2,2025,N,
4/4/2025,14,Friday,April,2,2025,N,
4/5/2025,14,Saturday,April,2,2025,N,
4/6/2025,14,Sunday,April,2,2025,N,
4/7/2025,15,Monday,April,2,2025,N,
4/8/2025,15,Tuesday,April,2,2025,N,
4/9/2025,15,Wednesday,April,2,2025,N,
4/10/2025,15,Thursday,April,2,2025,N,
4/11/2025,15,Friday,April,2,2025,N,
4/12/2025,15,Saturday,April,2,2025,N,
4/13/2025,15,Sunday,April,2,2025,N,
4/14/2025,16,Monday,April,2,2025,N,
4/15/2025,16,Tuesday,April,2,2025,N,
4/16/2025,16,Wednesday,April,2,2025,N,
4/17/2025,16,Thursday,April,2,2025,N,
4/18/2025,16,Friday,April,2,2025,Y,Good Friday
4/19/2025,16,Saturday,April,2,2025,N,
4/20/2025,16,Sunday,April,2,2025,N,
4/21/2025,17,Monday,April,2,2025,N,
4/22/2025,17,Tuesday,April,2,2025,N,
4/23/2025,17,Wednesday,April,2,2025,N,
4/24/2025,17,Thursday,April,2,2025,N,
4/25/2025,17,Friday,April,2,2025,N,
4/26/2025,17,Saturday,April,2,2025,N,
4/27/2025,17,Sunday,April,2,2025,N,
4/28/2025,18,Monday,April,2,2025,N,
4/29/2025,18,Tuesday,April,2,2025,N,
4/30/2025,18,Wednesday,April,2,2025,N,
5/1/2025,18,Thursday,May,2,2025,Y,Labor Day
5/2/2025,18,Friday,May,2,2025,N,
5/3/2025,18,Saturday,May,2,2025,Y,
5/4/2025,18,Sunday,May,2,2025,N,
5/5/2025,19,Monday,May,2,2025,N,
5/6/2025,19,Tuesday,May,2,2025,N,
5/7/2025,19,Wednesday,May,2,2025,N,
5/8/2025,19,Thursday,May,2,2025,N,
5/9/2025,19,Friday,May,2,2025,N,
5/10/2025,19,Saturday,May,2,2025,N,
5/11/2025,19,Sunday,May,2,2025,N,
5/12/2025,20,Monday,May,2,2025,Y,Vesak Day
5/13/2025,20,Tuesday,May,2,2025,N,
5/14/2025,20,Wednesday,May,2,2025,N,
5/15/2025,20,Thursday,May,2,2025,N,
5/16/2025,20,Friday,May,2,2025,N,
5/17/2025,20,Saturday,May,2,2025,N,
5/18/2025,20,Sunday,May,2,2025,N,
5/19/2025,21,Monday,May,2,2025,N,
5/20/2025,21,Tuesday,May,2,2025,N,
5/21/2025,21,Wednesday,May,2,2025,N,
5/22/2025,21,Thursday,May,2,2025,N,
5/23/2025,21,Friday,May,2,2025,N,
5/24/2025,21,Saturday,May,2,2025,N,
5/25/2025,21,Sunday,May,2,2025,N,
5/26/2025,22,Monday,May,2,2025,N,
5/27/2025,22,Tuesday,May,2,2025,N,
5/28/2025,22,Wednesday,May,2,2025,N,
5/29/2025,22,Thursday,May,2,2025,N,
5/30/2025,22,Friday,May,2,2025,N,
5/31/2025,22,Saturday,May,2,2025,N,
6/1/2025,22,Sunday,June,2,2025,N,
6/2/2025,23,Monday,June,2,2025,N,
6/3/2025,23,Tuesday,June,2,2025,N,
6/4/2025,23,Wednesday,June,2,2025,N,
6/5/2025,23,Thursday,June,2,2025,N,
6/6/2025,23,Friday,June,2,2025,N,
6/7/2025,23,Saturday,June,2,2025,Y,Hari Raya Haji
6/8/2025,23,Sunday,June,2,2025,N,
6/9/2025,24,Monday,June,2,2025,N,
6/10/2025,24,Tuesday,June,2,2025,N,
6/11/2025,24,Wednesday,June,2,2025,N,
6/12/2025,24,Thursday,June,2,2025,N,
6/13/2025,24,Friday,June,2,2025,N,
6/14/2025,24,Saturday,June,2,2025,N,
6/15/2025,24,Sunday,June,2,2025,N,
6/16/2025,25,Monday,June,2,2025,N,
6/17/2025,25,Tuesday,June,2,2025,N,
6/18/2025,25,Wednesday,June,2,2025,N,
6/19/2025,25,Thursday,June,2,2025,N,
6/20/2025,25,Friday,June,2,2025,N,
6/21/2025,25,Saturday,June,2,2025,N,
6/22/2025,25,Sunday,June,2,2025,N,
6/23/2025,26,Monday,June,2,2025,N,
6/24/2025,26,Tuesday,June,2,2025,N,
6/25/2025,26,Wednesday,June,2,2025,N,
6/26/2025,26,Thursday,June,2,2025,N,
6/27/2025,26,Friday,June,2,2025,N,
6/28/2025,26,Saturday,June,2,2025,N,
6/29/2025,26,Sunday,June,2,2025,N,
6/30/2025,27,Monday,June,2,2025,N,
7/1/2025,27,Tuesday,July,3,2025,N,
7/2/2025,27,Wednesday,July,3,2025,N,
7/3/2025,27,Thursday,July,3,2025,N,
7/4/2025,27,Friday,July,3,2025,N,
7/5/2025,27,Saturday,July,3,2025,N,
7/6/2025,27,Sunday,July,3,2025,N,
7/7/2025,28,Monday,July,3,2025,N,
7/8/2025,28,Tuesday,July,3,2025,N,
7/9/2025,28,Wednesday,July,3,2025,N,
7/10/2025,28,Thursday,July,3,2025,N,
7/11/2025,28,Friday,July,3,2025,N,
7/12/2025,28,Saturday,July,3,2025,N,
7/13/2025,28,Sunday,July,3,2025,N,
7/14/2025,29,Monday,July,3,2025,N,
7/15/2025,29,Tuesday,July,3,2025,N,
7/16/2025,29,Wednesday,July,3,2025,N,
7/17/2025,29,Thursday,July,3,2025,N,
7/18/2025,29,Friday,July,3,2025,N,
7/19/2025,29,Saturday,July,3,2025,N,
7/20/2025,29,Sunday,July,3,2025,N,
7/21/2025,30,Monday,July,3,2025,N,
7/22/2025,30,Tuesday,July,3,2025,N,
7/23/2025,30,Wednesday,July,3,2025,N,
7/24/2025,30,Thursday,July,3,2025,N,
7/25/2025,30,Friday,July,3,2025,N,
7/26/2025,30,Saturday,July,3,2025,N,
7/27/2025,30,Sunday,July,3,2025,N,
7/28/2025,31,Monday,July,3,2025,N,
7/29/2025,31,Tuesday,July,3,2025,N,
7/30/2025,31,Wednesday,July,3,2025,N,
7/31/2025,31,Thursday,July,3,2025,N,
8/1/2025,31,Friday,August,3,2025,N,
8/2/2025,31,Saturday,August,3,2025,N,
8/3/2025,31,Sunday,August,3,2025,N,
8/4/2025,32,Monday,August,3,2025,N,
8/5/2025,32,Tuesday,August,3,2025,N,
8/6/2025,32,Wednesday,August,3,2025,N,
8/7/2025,32,Thursday,August,3,2025,N,
8/8/2025,32,Friday,August,3,2025,N,
8/9/2025,32,Saturday,August,3,2025,Y,National Day
8/10/2025,32,Sunday,August,3,2025,N,
8/11/2025,33,Monday,August,3,2025,N,
8/12/2025,33,Tuesday,August,3,2025,N,
8/13/2025,33,Wednesday,August,3,2025,N,
8/14/2025,33,Thursday,August,3,2025,N,
8/15/2025,33,Friday,August,3,2025,N,
8/16/2025,33,Saturday,August,3,2025,N,
8/17/2025,33,Sunday,August,3,2025,N,
8/18/2025,34,Monday,August,3,2025,N,
8/19/2025,34,Tuesday,August,3,2025,N,
8/20/2025,34,Wednesday,August,3,2025,N,
8/21/2025,34,Thursday,August,3,2025,N,
8/22/2025,34,Friday,August,3,2025,N,
8/23/2025,34,Saturday,August,3,2025,N,
8/24/2025,34,Sunday,August,3,2025,N,
8/25/2025,35,Monday,August,3,2025,N,
8/26/2025,35,Tuesday,August,3,2025,N,
8/27/2025,35,Wednesday,August,3,2025,N,
8/28/2025,35,Thursday,August,3,2025,N,
8/29/2025,35,Friday,August,3,2025,N,
8/30/2025,35,Saturday,August,3,2025,N,
8/31/2025,35,Sunday,August,3,2025,N,
9/1/2025,36,Monday,September,3,2025,N,
9/2/2025,36,Tuesday,September,3,2025,N,
9/3/2025,36,Wednesday,September,3,2025,N,
9/4/2025,36,Thursday,September,3,2025,N,
9/5/2025,36,Friday,September,3,2025,N,
9/6/2025,36,Saturday,September,3,2025,N,
9/7/2025,36,Sunday,September,3,2025,N,
9/8/2025,37,Monday,September,3,2025,N,
9/9/2025,37,Tuesday,September,3,2025,N,
9/10/2025,37,Wednesday,September,3,2025,N,
9/11/2025,37,Thursday,September,3,2025,N,
9/12/2025,37,Friday,September,3,2025,N,
9/13/2025,37,Saturday,September,3,2025,N,
9/14/2025,37,Sunday,September,3,2025,N,
9/15/2025,38,Monday,September,3,2025,N,
9/16/2025,38,Tuesday,September,3,2025,N,
9/17/2025,38,Wednesday,September,3,2025,N,
9/18/2025,38,Thursday,September,3,2025,N,
9/19/2025,38,Friday,September,3,2025,N,
9/20/2025,38,Saturday,September,3,2025,N,
